,product_id,product_name,product_type,product_colors,product_price,cotton,spandex,elastomultiester,polyester,lyocell,rayon,scrapy_datetime
0,1024256001,slim_jeans,men_jeans_slim,black,19.99,0.99,0.01,0.0,0.0,0.0,0.0,2022-12-15 20:56:55
1,1024256001,slim_jeans,men_jeans_slim,light_denim_blue,19.99,0.99,0.01,0.0,0.0,0.0,0.0,2022-12-15 20:56:55
2,1024256001,slim_jeans,men_jeans_slim,denim_blue,19.99,0.99,0.01,0.0,0.0,0.0,0.0,2022-12-15 20:56:55
3,1024256001,slim_jeans,men_jeans_slim,dark_blue,19.99,0.99,0.01,0.0,0.0,0.0,0.0,2022-12-15 20:56:55
4,1024256001,slim_jeans,men_jeans_slim,dark_denim_blue,19.99,0.99,0.01,0.0,0.0,0.0,0.0,2022-12-15 20:56:55
5,1024256001,slim_jeans,men_jeans_slim,dark_gray,19.99,0.99,0.01,0.0,0.0,0.0,0.0,2022-12-15 20:56:55
6,1024256001,slim_jeans,men_jeans_slim,white,19.99,0.99,0.01,0.0,0.0,0.0,0.0,2022-12-15 20:56:55
7,985159001,skinny_jeans,men_jeans_skinny,black,24.99,0.99,0.01,0.0,0.0,0.0,0.0,2022-12-15 20:56:55
8,985159001,skinny_jeans,men_jeans_skinny,denim_blue,24.99,0.99,0.01,0.0,0.0,0.0,0.0,2022-12-15 20:56:55
9,985159001,skinny_jeans,men_jeans_skinny,dark_gray,24.99,0.99,0.01,0.0,0.0,0.0,0.0,2022-12-15 20:56:55
10,985159001,skinny_jeans,men_jeans_skinny,light_denim_blue,24.99,0.99,0.01,0.0,0.0,0.0,0.0,2022-12-15 20:56:55
11,985159001,skinny_jeans,men_jeans_skinny,dark_blue,24.99,0.99,0.01,0.0,0.0,0.0,0.0,2022-12-15 20:56:55
12,985159001,skinny_jeans,men_jeans_skinny,dark_denim_blue,24.99,0.99,0.01,0.0,0.0,0.0,0.0,2022-12-15 20:56:55
13,690449067,skinny_jeans,men_jeans_ripped,light_denim_blue/trashed,39.99,0.98,0.02,0.0,0.0,0.0,0.0,2022-12-15 20:56:55
14,690449067,skinny_jeans,men_jeans_ripped,denim_blue,39.99,0.98,0.02,0.0,0.0,0.0,0.0,2022-12-15 20:56:55
15,690449067,skinny_jeans,men_jeans_ripped,black/washed,39.99,0.98,0.02,0.0,0.0,0.0,0.0,2022-12-15 20:56:55
16,690449067,skinny_jeans,men_jeans_ripped,light_denim_blue,39.99,0.98,0.02,0.0,0.0,0.0,0.0,2022-12-15 20:56:55
17,690449067,skinny_jeans,men_jeans_ripped,black_washed_out,39.99,0.98,0.02,0.0,0.0,0.0,0.0,2022-12-15 20:56:55
18,690449067,skinny_jeans,men_jeans_ripped,white,39.99,0.98,0.02,0.0,0.0,0.0,0.0,2022-12-15 20:56:55
19,690449067,skinny_jeans,men_jeans_ripped,dark_denim_blue/trashed,39.99,0.98,0.02,0.0,0.0,0.0,0.0,2022-12-15 20:56:55
20,690449067,skinny_jeans,men_jeans_ripped,black/trashed,39.99,0.98,0.02,0.0,0.0,0.0,0.0,2022-12-15 20:56:55
21,690449067,skinny_jeans,men_jeans_ripped,dark_blue/trashed,39.99,0.98,0.02,0.0,0.0,0.0,0.0,2022-12-15 20:56:55
22,690449067,skinny_jeans,men_jeans_ripped,dark_blue/washed_out,39.99,0.98,0.02,0.0,0.0,0.0,0.0,2022-12-15 20:56:55
23,690449067,skinny_jeans,men_jeans_ripped,denim_blue/trashed,39.99,0.98,0.02,0.0,0.0,0.0,0.0,2022-12-15 20:56:55
24,690449067,skinny_jeans,men_jeans_ripped,black,39.99,0.98,0.02,0.0,0.0,0.0,0.0,2022-12-15 20:56:55
25,690449067,skinny_jeans,men_jeans_ripped,denim_gray,39.99,0.98,0.02,0.0,0.0,0.0,0.0,2022-12-15 20:56:55
26,690449067,skinny_jeans,men_jeans_ripped,light_denim_gray/trashed,39.99,0.98,0.02,0.0,0.0,0.0,0.0,2022-12-15 20:56:55
27,690449067,skinny_jeans,men_jeans_ripped,gray,39.99,0.98,0.02,0.0,0.0,0.0,0.0,2022-12-15 20:56:55
28,690449067,skinny_jeans,men_jeans_ripped,black/patterned,39.99,0.98,0.02,0.0,0.0,0.0,0.0,2022-12-15 20:56:55
29,690449036,skinny_jeans,men_jeans_ripped,light_denim_blue/trashed,39.99,0.98,0.02,0.0,0.0,0.0,0.0,2022-12-15 20:56:55
30,690449036,skinny_jeans,men_jeans_ripped,denim_blue,39.99,0.98,0.02,0.0,0.0,0.0,0.0,2022-12-15 20:56:55
31,690449036,skinny_jeans,men_jeans_ripped,black/washed,39.99,0.98,0.02,0.0,0.0,0.0,0.0,2022-12-15 20:56:55
32,690449036,skinny_jeans,men_jeans_ripped,light_denim_blue,39.99,0.98,0.02,0.0,0.0,0.0,0.0,2022-12-15 20:56:55
33,690449036,skinny_jeans,men_jeans_ripped,black_washed_out,39.99,0.98,0.02,0.0,0.0,0.0,0.0,2022-12-15 20:56:55
34,690449036,skinny_jeans,men_jeans_ripped,white,39.99,0.98,0.02,0.0,0.0,0.0,0.0,2022-12-15 20:56:55
35,690449036,skinny_jeans,men_jeans_ripped,dark_denim_blue/trashed,39.99,0.98,0.02,0.0,0.0,0.0,0.0,2022-12-15 20:56:55
36,690449036,skinny_jeans,men_jeans_ripped,black/trashed,39.99,0.98,0.02,0.0,0.0,0.0,0.0,2022-12-15 20:56:55
37,690449036,skinny_jeans,men_jeans_ripped,dark_blue/trashed,39.99,0.98,0.02,0.0,0.0,0.0,0.0,2022-12-15 20:56:55
38,690449036,skinny_jeans,men_jeans_ripped,dark_blue/washed_out,39.99,0.98,0.02,0.0,0.0,0.0,0.0,2022-12-15 20:56:55
39,690449036,skinny_jeans,men_jeans_ripped,denim_blue/trashed,39.99,0.98,0.02,0.0,0.0,0.0,0.0,2022-12-15 20:56:55
40,690449036,skinny_jeans,men_jeans_ripped,black,39.99,0.98,0.02,0.0,0.0,0.0,0.0,2022-12-15 20:56:55
41,690449036,skinny_jeans,men_jeans_ripped,denim_gray,39.99,0.98,0.02,0.0,0.0,0.0,0.0,2022-12-15 20:56:55
42,690449036,skinny_jeans,men_jeans_ripped,light_denim_gray/trashed,39.99,0.98,0.02,0.0,0.0,0.0,0.0,2022-12-15 20:56:55
43,690449036,skinny_jeans,men_jeans_ripped,gray,39.99,0.98,0.02,0.0,0.0,0.0,0.0,2022-12-15 20:56:55
44,690449036,skinny_jeans,men_jeans_ripped,black/patterned,39.99,0.98,0.02,0.0,0.0,0.0,0.0,2022-12-15 20:56:55
45,690449022,skinny_jeans,men_jeans_ripped,light_denim_blue/trashed,39.99,0.98,0.02,0.0,0.0,0.0,0.0,2022-12-15 20:56:55
46,690449022,skinny_jeans,men_jeans_ripped,denim_blue,39.99,0.98,0.02,0.0,0.0,0.0,0.0,2022-12-15 20:56:55
47,690449022,skinny_jeans,men_jeans_ripped,black/washed,39.99,0.98,0.02,0.0,0.0,0.0,0.0,2022-12-15 20:56:55
48,690449022,skinny_jeans,men_jeans_ripped,light_denim_blue,39.99,0.98,0.02,0.0,0.0,0.0,0.0,2022-12-15 20:56:55
49,690449022,skinny_jeans,men_jeans_ripped,black_washed_out,39.99,0.98,0.02,0.0,0.0,0.0,0.0,2022-12-15 20:56:55
50,690449022,skinny_jeans,men_jeans_ripped,white,39.99,0.98,0.02,0.0,0.0,0.0,0.0,2022-12-15 20:56:55
51,690449022,skinny_jeans,men_jeans_ripped,dark_denim_blue/trashed,39.99,0.98,0.02,0.0,0.0,0.0,0.0,2022-12-15 20:56:55
52,690449022,skinny_jeans,men_jeans_ripped,black/trashed,39.99,0.98,0.02,0.0,0.0,0.0,0.0,2022-12-15 20:56:55
53,690449022,skinny_jeans,men_jeans_ripped,dark_blue/trashed,39.99,0.98,0.02,0.0,0.0,0.0,0.0,2022-12-15 20:56:55
54,690449022,skinny_jeans,men_jeans_ripped,dark_blue/washed_out,39.99,0.98,0.02,0.0,0.0,0.0,0.0,2022-12-15 20:56:55
55,690449022,skinny_jeans,men_jeans_ripped,denim_blue/trashed,39.99,0.98,0.02,0.0,0.0,0.0,0.0,2022-12-15 20:56:55
56,690449022,skinny_jeans,men_jeans_ripped,black,39.99,0.98,0.02,0.0,0.0,0.0,0.0,2022-12-15 20:56:55
57,690449022,skinny_jeans,men_jeans_ripped,denim_gray,39.99,0.98,0.02,0.0,0.0,0.0,0.0,2022-12-15 20:56:55
58,690449022,skinny_jeans,men_jeans_ripped,light_denim_gray/trashed,39.99,0.98,0.02,0.0,0.0,0.0,0.0,2022-12-15 20:56:55
59,690449022,skinny_jeans,men_jeans_ripped,gray,39.99,0.98,0.02,0.0,0.0,0.0,0.0,2022-12-15 20:56:55
60,690449022,skinny_jeans,men_jeans_ripped,black/patterned,39.99,0.98,0.02,0.0,0.0,0.0,0.0,2022-12-15 20:56:55
61,690449051,skinny_jeans,men_jeans_ripped,light_denim_blue/trashed,39.99,0.98,0.02,0.0,0.0,0.0,0.0,2022-12-15 20:56:55
62,690449051,skinny_jeans,men_jeans_ripped,denim_blue,39.99,0.98,0.02,0.0,0.0,0.0,0.0,2022-12-15 20:56:55
63,690449051,skinny_jeans,men_jeans_ripped,black/washed,39.99,0.98,0.02,0.0,0.0,0.0,0.0,2022-12-15 20:56:55
64,690449051,skinny_jeans,men_jeans_ripped,light_denim_blue,39.99,0.98,0.02,0.0,0.0,0.0,0.0,2022-12-15 20:56:55
65,690449051,skinny_jeans,men_jeans_ripped,black_washed_out,39.99,0.98,0.02,0.0,0.0,0.0,0.0,2022-12-15 20:56:55
66,690449051,skinny_jeans,men_jeans_ripped,white,39.99,0.98,0.02,0.0,0.0,0.0,0.0,2022-12-15 20:56:55
67,690449051,skinny_jeans,men_jeans_ripped,dark_denim_blue/trashed,39.99,0.98,0.02,0.0,0.0,0.0,0.0,2022-12-15 20:56:55
68,690449051,skinny_jeans,men_jeans_ripped,black/trashed,39.99,0.98,0.02,0.0,0.0,0.0,0.0,2022-12-15 20:56:55
69,690449051,skinny_jeans,men_jeans_ripped,dark_blue/trashed,39.99,0.98,0.02,0.0,0.0,0.0,0.0,2022-12-15 20:56:55
70,690449051,skinny_jeans,men_jeans_ripped,dark_blue/washed_out,39.99,0.98,0.02,0.0,0.0,0.0,0.0,2022-12-15 20:56:55
71,690449051,skinny_jeans,men_jeans_ripped,denim_blue/trashed,39.99,0.98,0.02,0.0,0.0,0.0,0.0,2022-12-15 20:56:55
72,690449051,skinny_jeans,men_jeans_ripped,black,39.99,0.98,0.02,0.0,0.0,0.0,0.0,2022-12-15 20:56:55
73,690449051,skinny_jeans,men_jeans_ripped,denim_gray,39.99,0.98,0.02,0.0,0.0,0.0,0.0,2022-12-15 20:56:55
74,690449051,skinny_jeans,men_jeans_ripped,light_denim_gray/trashed,39.99,0.98,0.02,0.0,0.0,0.0,0.0,2022-12-15 20:56:55
75,690449051,skinny_jeans,men_jeans_ripped,gray,39.99,0.98,0.02,0.0,0.0,0.0,0.0,2022-12-15 20:56:55
76,690449051,skinny_jeans,men_jeans_ripped,black/patterned,39.99,0.98,0.02,0.0,0.0,0.0,0.0,2022-12-15 20:56:55
77,1008549001,regular_jeans,men_jeans_regular,light_denim_blue,24.99,0.98,0.02,0.0,0.0,0.0,0.0,2022-12-15 20:56:55
78,1008549001,regular_jeans,men_jeans_regular,denim_blue,24.99,0.98,0.02,0.0,0.0,0.0,0.0,2022-12-15 20:56:55
79,1008549001,regular_jeans,men_jeans_regular,dark_gray,24.99,0.98,0.02,0.0,0.0,0.0,0.0,2022-12-15 20:56:55
80,1008549001,regular_jeans,men_jeans_regular,dark_blue,24.99,0.98,0.02,0.0,0.0,0.0,0.0,2022-12-15 20:56:55
81,1008549001,regular_jeans,men_jeans_regular,dark_denim_blue,24.99,0.98,0.02,0.0,0.0,0.0,0.0,2022-12-15 20:56:55
82,1008549001,regular_jeans,men_jeans_regular,black,24.99,0.98,0.02,0.0,0.0,0.0,0.0,2022-12-15 20:56:55
83,1008549001,regular_jeans,men_jeans_regular,light_gray,24.99,0.98,0.02,0.0,0.0,0.0,0.0,2022-12-15 20:56:55
84,1008549006,regular_jeans,men_jeans_regular,light_denim_blue,24.99,0.99,0.01,0.0,0.0,0.0,0.0,2022-12-15 20:56:55
85,1008549006,regular_jeans,men_jeans_regular,denim_blue,24.99,0.99,0.01,0.0,0.0,0.0,0.0,2022-12-15 20:56:55
86,1008549006,regular_jeans,men_jeans_regular,dark_gray,24.99,0.99,0.01,0.0,0.0,0.0,0.0,2022-12-15 20:56:55
87,1008549006,regular_jeans,men_jeans_regular,dark_blue,24.99,0.99,0.01,0.0,0.0,0.0,0.0,2022-12-15 20:56:55
88,1008549006,regular_jeans,men_jeans_regular,dark_denim_blue,24.99,0.99,0.01,0.0,0.0,0.0,0.0,2022-12-15 20:56:55
89,1008549006,regular_jeans,men_jeans_regular,black,24.99,0.99,0.01,0.0,0.0,0.0,0.0,2022-12-15 20:56:55
90,1008549006,regular_jeans,men_jeans_regular,light_gray,24.99,0.99,0.01,0.0,0.0,0.0,0.0,2022-12-15 20:56:55
91,1024256007,slim_jeans,men_jeans_slim,black,19.99,0.99,0.01,0.0,0.0,0.0,0.0,2022-12-15 20:56:55
92,1024256007,slim_jeans,men_jeans_slim,light_denim_blue,19.99,0.99,0.01,0.0,0.0,0.0,0.0,2022-12-15 20:56:55
93,1024256007,slim_jeans,men_jeans_slim,denim_blue,19.99,0.99,0.01,0.0,0.0,0.0,0.0,2022-12-15 20:56:55
94,1024256007,slim_jeans,men_jeans_slim,dark_blue,19.99,0.99,0.01,0.0,0.0,0.0,0.0,2022-12-15 20:56:55
95,1024256007,slim_jeans,men_jeans_slim,dark_denim_blue,19.99,0.99,0.01,0.0,0.0,0.0,0.0,2022-12-15 20:56:55
96,1024256007,slim_jeans,men_jeans_slim,dark_gray,19.99,0.99,0.01,0.0,0.0,0.0,0.0,2022-12-15 20:56:55
97,1024256007,slim_jeans,men_jeans_slim,white,19.99,0.99,0.01,0.0,0.0,0.0,0.0,2022-12-15 20:56:55
98,1024256003,slim_jeans,men_jeans_slim,black,19.99,0.99,0.01,0.0,0.0,0.0,0.0,2022-12-15 20:56:55
99,1024256003,slim_jeans,men_jeans_slim,light_denim_blue,19.99,0.99,0.01,0.0,0.0,0.0,0.0,2022-12-15 20:56:55
100,1024256003,slim_jeans,men_jeans_slim,denim_blue,19.99,0.99,0.01,0.0,0.0,0.0,0.0,2022-12-15 20:56:55
101,1024256003,slim_jeans,men_jeans_slim,dark_blue,19.99,0.99,0.01,0.0,0.0,0.0,0.0,2022-12-15 20:56:55
102,1024256003,slim_jeans,men_jeans_slim,dark_denim_blue,19.99,0.99,0.01,0.0,0.0,0.0,0.0,2022-12-15 20:56:55
103,1024256003,slim_jeans,men_jeans_slim,dark_gray,19.99,0.99,0.01,0.0,0.0,0.0,0.0,2022-12-15 20:56:55
104,1024256003,slim_jeans,men_jeans_slim,white,19.99,0.99,0.01,0.0,0.0,0.0,0.0,2022-12-15 20:56:55
105,985159007,skinny_jeans,men_jeans_skinny,black,24.99,0.99,0.01,0.0,0.0,0.0,0.0,2022-12-15 20:56:55
106,985159007,skinny_jeans,men_jeans_skinny,denim_blue,24.99,0.99,0.01,0.0,0.0,0.0,0.0,2022-12-15 20:56:55
107,985159007,skinny_jeans,men_jeans_skinny,dark_gray,24.99,0.99,0.01,0.0,0.0,0.0,0.0,2022-12-15 20:56:55
108,985159007,skinny_jeans,men_jeans_skinny,light_denim_blue,24.99,0.99,0.01,0.0,0.0,0.0,0.0,2022-12-15 20:56:55
109,985159007,skinny_jeans,men_jeans_skinny,dark_blue,24.99,0.99,0.01,0.0,0.0,0.0,0.0,2022-12-15 20:56:55
110,985159007,skinny_jeans,men_jeans_skinny,dark_denim_blue,24.99,0.99,0.01,0.0,0.0,0.0,0.0,2022-12-15 20:56:55
111,1024256004,slim_jeans,men_jeans_slim,black,19.99,0.99,0.01,0.0,0.0,0.0,0.0,2022-12-15 20:56:55
112,1024256004,slim_jeans,men_jeans_slim,light_denim_blue,19.99,0.99,0.01,0.0,0.0,0.0,0.0,2022-12-15 20:56:55
113,1024256004,slim_jeans,men_jeans_slim,denim_blue,19.99,0.99,0.01,0.0,0.0,0.0,0.0,2022-12-15 20:56:55
114,1024256004,slim_jeans,men_jeans_slim,dark_blue,19.99,0.99,0.01,0.0,0.0,0.0,0.0,2022-12-15 20:56:55
115,1024256004,slim_jeans,men_jeans_slim,dark_denim_blue,19.99,0.99,0.01,0.0,0.0,0.0,0.0,2022-12-15 20:56:55
116,1024256004,slim_jeans,men_jeans_slim,dark_gray,19.99,0.99,0.01,0.0,0.0,0.0,0.0,2022-12-15 20:56:55
117,1024256004,slim_jeans,men_jeans_slim,white,19.99,0.99,0.01,0.0,0.0,0.0,0.0,2022-12-15 20:56:55
118,979945001,loose_jeans,men_jeans_loose,light_denim_blue,39.99,1.0,0.0,0.0,0.0,0.0,0.0,2022-12-15 20:56:55
119,979945001,loose_jeans,men_jeans_loose,denim_blue,39.99,1.0,0.0,0.0,0.0,0.0,0.0,2022-12-15 20:56:55
120,979945001,loose_jeans,men_jeans_loose,black,39.99,1.0,0.0,0.0,0.0,0.0,0.0,2022-12-15 20:56:55
121,979945001,loose_jeans,men_jeans_loose,light_gray,39.99,1.0,0.0,0.0,0.0,0.0,0.0,2022-12-15 20:56:55
122,979945001,loose_jeans,men_jeans_loose,gray,39.99,1.0,0.0,0.0,0.0,0.0,0.0,2022-12-15 20:56:55
123,979945001,loose_jeans,men_jeans_loose,black/patterned,39.99,1.0,0.0,0.0,0.0,0.0,0.0,2022-12-15 20:56:55
124,979945001,loose_jeans,men_jeans_loose,purple,39.99,1.0,0.0,0.0,0.0,0.0,0.0,2022-12-15 20:56:55
125,1024711006,slim_jeans,men_jeans_slim,black,29.99,0.98,0.02,0.0,0.0,0.0,0.0,2022-12-15 20:56:55
126,1024711006,slim_jeans,men_jeans_slim,light_denim_blue,29.99,0.98,0.02,0.0,0.0,0.0,0.0,2022-12-15 20:56:55
127,1024711006,slim_jeans,men_jeans_slim,dark_denim_blue,29.99,0.98,0.02,0.0,0.0,0.0,0.0,2022-12-15 20:56:55
128,1024711006,slim_jeans,men_jeans_slim,dark_denim_gray,29.99,0.98,0.02,0.0,0.0,0.0,0.0,2022-12-15 20:56:55
129,1024711006,slim_jeans,men_jeans_slim,dark_blue,29.99,0.98,0.02,0.0,0.0,0.0,0.0,2022-12-15 20:56:55
130,1024711006,slim_jeans,men_jeans_slim,denim_blue,29.99,0.98,0.02,0.0,0.0,0.0,0.0,2022-12-15 20:56:55
131,985159008,skinny_jeans,men_jeans_skinny,black,24.99,0.99,0.01,0.0,0.0,0.0,0.0,2022-12-15 20:56:55
132,985159008,skinny_jeans,men_jeans_skinny,denim_blue,24.99,0.99,0.01,0.0,0.0,0.0,0.0,2022-12-15 20:56:55
133,985159008,skinny_jeans,men_jeans_skinny,dark_gray,24.99,0.99,0.01,0.0,0.0,0.0,0.0,2022-12-15 20:56:55
134,985159008,skinny_jeans,men_jeans_skinny,light_denim_blue,24.99,0.99,0.01,0.0,0.0,0.0,0.0,2022-12-15 20:56:55
135,985159008,skinny_jeans,men_jeans_skinny,dark_blue,24.99,0.99,0.01,0.0,0.0,0.0,0.0,2022-12-15 20:56:55
136,985159008,skinny_jeans,men_jeans_skinny,dark_denim_blue,24.99,0.99,0.01,0.0,0.0,0.0,0.0,2022-12-15 20:56:55
137,1024256006,slim_jeans,men_jeans_slim,black,19.99,0.99,0.01,0.0,0.0,0.0,0.0,2022-12-15 20:56:55
138,1024256006,slim_jeans,men_jeans_slim,light_denim_blue,19.99,0.99,0.01,0.0,0.0,0.0,0.0,2022-12-15 20:56:55
139,1024256006,slim_jeans,men_jeans_slim,denim_blue,19.99,0.99,0.01,0.0,0.0,0.0,0.0,2022-12-15 20:56:55
140,1024256006,slim_jeans,men_jeans_slim,dark_blue,19.99,0.99,0.01,0.0,0.0,0.0,0.0,2022-12-15 20:56:55
141,1024256006,slim_jeans,men_jeans_slim,dark_denim_blue,19.99,0.99,0.01,0.0,0.0,0.0,0.0,2022-12-15 20:56:55
142,1024256006,slim_jeans,men_jeans_slim,dark_gray,19.99,0.99,0.01,0.0,0.0,0.0,0.0,2022-12-15 20:56:55
143,1024256006,slim_jeans,men_jeans_slim,white,19.99,0.99,0.01,0.0,0.0,0.0,0.0,2022-12-15 20:56:55
144,690449059,skinny_jeans,men_jeans_ripped,light_denim_blue/trashed,39.99,0.98,0.02,0.0,0.0,0.0,0.0,2022-12-15 20:56:55
145,690449059,skinny_jeans,men_jeans_ripped,denim_blue,39.99,0.98,0.02,0.0,0.0,0.0,0.0,2022-12-15 20:56:55
146,690449059,skinny_jeans,men_jeans_ripped,black/washed,39.99,0.98,0.02,0.0,0.0,0.0,0.0,2022-12-15 20:56:55
147,690449059,skinny_jeans,men_jeans_ripped,light_denim_blue,39.99,0.98,0.02,0.0,0.0,0.0,0.0,2022-12-15 20:56:55
148,690449059,skinny_jeans,men_jeans_ripped,black_washed_out,39.99,0.98,0.02,0.0,0.0,0.0,0.0,2022-12-15 20:56:55
149,690449059,skinny_jeans,men_jeans_ripped,white,39.99,0.98,0.02,0.0,0.0,0.0,0.0,2022-12-15 20:56:55
150,690449059,skinny_jeans,men_jeans_ripped,dark_denim_blue/trashed,39.99,0.98,0.02,0.0,0.0,0.0,0.0,2022-12-15 20:56:55
151,690449059,skinny_jeans,men_jeans_ripped,black/trashed,39.99,0.98,0.02,0.0,0.0,0.0,0.0,2022-12-15 20:56:55
152,690449059,skinny_jeans,men_jeans_ripped,dark_blue/trashed,39.99,0.98,0.02,0.0,0.0,0.0,0.0,2022-12-15 20:56:55
153,690449059,skinny_jeans,men_jeans_ripped,dark_blue/washed_out,39.99,0.98,0.02,0.0,0.0,0.0,0.0,2022-12-15 20:56:55
154,690449059,skinny_jeans,men_jeans_ripped,denim_blue/trashed,39.99,0.98,0.02,0.0,0.0,0.0,0.0,2022-12-15 20:56:55
155,690449059,skinny_jeans,men_jeans_ripped,black,39.99,0.98,0.02,0.0,0.0,0.0,0.0,2022-12-15 20:56:55
156,690449059,skinny_jeans,men_jeans_ripped,denim_gray,39.99,0.98,0.02,0.0,0.0,0.0,0.0,2022-12-15 20:56:55
157,690449059,skinny_jeans,men_jeans_ripped,light_denim_gray/trashed,39.99,0.98,0.02,0.0,0.0,0.0,0.0,2022-12-15 20:56:55
158,690449059,skinny_jeans,men_jeans_ripped,gray,39.99,0.98,0.02,0.0,0.0,0.0,0.0,2022-12-15 20:56:55
159,690449059,skinny_jeans,men_jeans_ripped,black/patterned,39.99,0.98,0.02,0.0,0.0,0.0,0.0,2022-12-15 20:56:55
160,979945003,loose_jeans,men_jeans_loose,light_denim_blue,39.99,1.0,0.0,0.0,0.0,0.0,0.0,2022-12-15 20:56:55
161,979945003,loose_jeans,men_jeans_loose,denim_blue,39.99,1.0,0.0,0.0,0.0,0.0,0.0,2022-12-15 20:56:55
162,979945003,loose_jeans,men_jeans_loose,black,39.99,1.0,0.0,0.0,0.0,0.0,0.0,2022-12-15 20:56:55
163,979945003,loose_jeans,men_jeans_loose,light_gray,39.99,1.0,0.0,0.0,0.0,0.0,0.0,2022-12-15 20:56:55
164,979945003,loose_jeans,men_jeans_loose,gray,39.99,1.0,0.0,0.0,0.0,0.0,0.0,2022-12-15 20:56:55
165,979945003,loose_jeans,men_jeans_loose,black/patterned,39.99,1.0,0.0,0.0,0.0,0.0,0.0,2022-12-15 20:56:55
166,979945003,loose_jeans,men_jeans_loose,purple,39.99,1.0,0.0,0.0,0.0,0.0,0.0,2022-12-15 20:56:55
167,1008549002,regular_jeans,men_jeans_regular,light_denim_blue,24.99,0.99,0.01,0.0,0.0,0.0,0.0,2022-12-15 20:56:55
168,1008549002,regular_jeans,men_jeans_regular,denim_blue,24.99,0.99,0.01,0.0,0.0,0.0,0.0,2022-12-15 20:56:55
169,1008549002,regular_jeans,men_jeans_regular,dark_gray,24.99,0.99,0.01,0.0,0.0,0.0,0.0,2022-12-15 20:56:55
170,1008549002,regular_jeans,men_jeans_regular,dark_blue,24.99,0.99,0.01,0.0,0.0,0.0,0.0,2022-12-15 20:56:55
171,1008549002,regular_jeans,men_jeans_regular,dark_denim_blue,24.99,0.99,0.01,0.0,0.0,0.0,0.0,2022-12-15 20:56:55
172,1008549002,regular_jeans,men_jeans_regular,black,24.99,0.99,0.01,0.0,0.0,0.0,0.0,2022-12-15 20:56:55
173,1008549002,regular_jeans,men_jeans_regular,light_gray,24.99,0.99,0.01,0.0,0.0,0.0,0.0,2022-12-15 20:56:55
174,690449062,skinny_jeans,men_jeans_ripped,light_denim_blue/trashed,39.99,0.98,0.02,0.0,0.0,0.0,0.0,2022-12-15 20:56:55
175,690449062,skinny_jeans,men_jeans_ripped,denim_blue,39.99,0.98,0.02,0.0,0.0,0.0,0.0,2022-12-15 20:56:55
176,690449062,skinny_jeans,men_jeans_ripped,black/washed,39.99,0.98,0.02,0.0,0.0,0.0,0.0,2022-12-15 20:56:55
177,690449062,skinny_jeans,men_jeans_ripped,light_denim_blue,39.99,0.98,0.02,0.0,0.0,0.0,0.0,2022-12-15 20:56:55
178,690449062,skinny_jeans,men_jeans_ripped,black_washed_out,39.99,0.98,0.02,0.0,0.0,0.0,0.0,2022-12-15 20:56:55
179,690449062,skinny_jeans,men_jeans_ripped,white,39.99,0.98,0.02,0.0,0.0,0.0,0.0,2022-12-15 20:56:55
180,690449062,skinny_jeans,men_jeans_ripped,dark_denim_blue/trashed,39.99,0.98,0.02,0.0,0.0,0.0,0.0,2022-12-15 20:56:55
181,690449062,skinny_jeans,men_jeans_ripped,black/trashed,39.99,0.98,0.02,0.0,0.0,0.0,0.0,2022-12-15 20:56:55
182,690449062,skinny_jeans,men_jeans_ripped,dark_blue/trashed,39.99,0.98,0.02,0.0,0.0,0.0,0.0,2022-12-15 20:56:55
183,690449062,skinny_jeans,men_jeans_ripped,dark_blue/washed_out,39.99,0.98,0.02,0.0,0.0,0.0,0.0,2022-12-15 20:56:55
184,690449062,skinny_jeans,men_jeans_ripped,denim_blue/trashed,39.99,0.98,0.02,0.0,0.0,0.0,0.0,2022-12-15 20:56:55
185,690449062,skinny_jeans,men_jeans_ripped,black,39.99,0.98,0.02,0.0,0.0,0.0,0.0,2022-12-15 20:56:55
186,690449062,skinny_jeans,men_jeans_ripped,denim_gray,39.99,0.98,0.02,0.0,0.0,0.0,0.0,2022-12-15 20:56:55
187,690449062,skinny_jeans,men_jeans_ripped,light_denim_gray/trashed,39.99,0.98,0.02,0.0,0.0,0.0,0.0,2022-12-15 20:56:55
188,690449062,skinny_jeans,men_jeans_ripped,gray,39.99,0.98,0.02,0.0,0.0,0.0,0.0,2022-12-15 20:56:55
189,690449062,skinny_jeans,men_jeans_ripped,black/patterned,39.99,0.98,0.02,0.0,0.0,0.0,0.0,2022-12-15 20:56:55
190,979945002,loose_jeans,men_jeans_loose,light_denim_blue,39.99,1.0,0.0,0.0,0.0,0.0,0.0,2022-12-15 20:56:55
191,979945002,loose_jeans,men_jeans_loose,denim_blue,39.99,1.0,0.0,0.0,0.0,0.0,0.0,2022-12-15 20:56:55
192,979945002,loose_jeans,men_jeans_loose,black,39.99,1.0,0.0,0.0,0.0,0.0,0.0,2022-12-15 20:56:55
193,979945002,loose_jeans,men_jeans_loose,light_gray,39.99,1.0,0.0,0.0,0.0,0.0,0.0,2022-12-15 20:56:55
194,979945002,loose_jeans,men_jeans_loose,gray,39.99,1.0,0.0,0.0,0.0,0.0,0.0,2022-12-15 20:56:55
195,979945002,loose_jeans,men_jeans_loose,black/patterned,39.99,1.0,0.0,0.0,0.0,0.0,0.0,2022-12-15 20:56:55
196,979945002,loose_jeans,men_jeans_loose,purple,39.99,1.0,0.0,0.0,0.0,0.0,0.0,2022-12-15 20:56:55
197,1024711008,slim_jeans,men_jeans_slim,black,29.99,0.99,0.01,0.0,0.0,0.0,0.0,2022-12-15 20:56:55
198,1024711008,slim_jeans,men_jeans_slim,light_denim_blue,29.99,0.99,0.01,0.0,0.0,0.0,0.0,2022-12-15 20:56:55
199,1024711008,slim_jeans,men_jeans_slim,dark_denim_blue,29.99,0.99,0.01,0.0,0.0,0.0,0.0,2022-12-15 20:56:55
200,1024711008,slim_jeans,men_jeans_slim,dark_denim_gray,29.99,0.99,0.01,0.0,0.0,0.0,0.0,2022-12-15 20:56:55
201,1024711008,slim_jeans,men_jeans_slim,dark_blue,29.99,0.99,0.01,0.0,0.0,0.0,0.0,2022-12-15 20:56:55
202,1024711008,slim_jeans,men_jeans_slim,denim_blue,29.99,0.99,0.01,0.0,0.0,0.0,0.0,2022-12-15 20:56:55
203,1024256005,slim_jeans,men_jeans_slim,black,19.99,0.99,0.01,0.0,0.0,0.0,0.0,2022-12-15 20:56:55
204,1024256005,slim_jeans,men_jeans_slim,light_denim_blue,19.99,0.99,0.01,0.0,0.0,0.0,0.0,2022-12-15 20:56:55
205,1024256005,slim_jeans,men_jeans_slim,denim_blue,19.99,0.99,0.01,0.0,0.0,0.0,0.0,2022-12-15 20:56:55
206,1024256005,slim_jeans,men_jeans_slim,dark_blue,19.99,0.99,0.01,0.0,0.0,0.0,0.0,2022-12-15 20:56:55
207,1024256005,slim_jeans,men_jeans_slim,dark_denim_blue,19.99,0.99,0.01,0.0,0.0,0.0,0.0,2022-12-15 20:56:55
208,1024256005,slim_jeans,men_jeans_slim,dark_gray,19.99,0.99,0.01,0.0,0.0,0.0,0.0,2022-12-15 20:56:55
209,1024256005,slim_jeans,men_jeans_slim,white,19.99,0.99,0.01,0.0,0.0,0.0,0.0,2022-12-15 20:56:55
210,1008110002,freefit®_slim_jeans,men_jeans_slim,dark_denim_blue,49.99,0.9,0.02,0.08,0.0,0.0,0.0,2022-12-15 20:56:55
211,1008110002,freefit®_slim_jeans,men_jeans_slim,black/no_fade_black,49.99,0.9,0.02,0.08,0.0,0.0,0.0,2022-12-15 20:56:55
212,1008110002,freefit®_slim_jeans,men_jeans_slim,light_denim_blue,49.99,0.9,0.02,0.08,0.0,0.0,0.0,2022-12-15 20:56:55
213,1008110002,freefit®_slim_jeans,men_jeans_slim,denim_blue,49.99,0.9,0.02,0.08,0.0,0.0,0.0,2022-12-15 20:56:55
214,1008110002,freefit®_slim_jeans,men_jeans_slim,dark_gray,49.99,0.9,0.02,0.08,0.0,0.0,0.0,2022-12-15 20:56:55
215,1008110002,freefit®_slim_jeans,men_jeans_slim,black,49.99,0.9,0.02,0.08,0.0,0.0,0.0,2022-12-15 20:56:55
216,690449043,skinny_jeans,men_jeans_ripped,light_denim_blue/trashed,39.99,0.98,0.02,0.0,0.0,0.0,0.0,2022-12-15 20:56:55
217,690449043,skinny_jeans,men_jeans_ripped,denim_blue,39.99,0.98,0.02,0.0,0.0,0.0,0.0,2022-12-15 20:56:55
218,690449043,skinny_jeans,men_jeans_ripped,black/washed,39.99,0.98,0.02,0.0,0.0,0.0,0.0,2022-12-15 20:56:55
219,690449043,skinny_jeans,men_jeans_ripped,light_denim_blue,39.99,0.98,0.02,0.0,0.0,0.0,0.0,2022-12-15 20:56:55
220,690449043,skinny_jeans,men_jeans_ripped,black_washed_out,39.99,0.98,0.02,0.0,0.0,0.0,0.0,2022-12-15 20:56:55
221,690449043,skinny_jeans,men_jeans_ripped,white,39.99,0.98,0.02,0.0,0.0,0.0,0.0,2022-12-15 20:56:55
222,690449043,skinny_jeans,men_jeans_ripped,dark_denim_blue/trashed,39.99,0.98,0.02,0.0,0.0,0.0,0.0,2022-12-15 20:56:55
223,690449043,skinny_jeans,men_jeans_ripped,black/trashed,39.99,0.98,0.02,0.0,0.0,0.0,0.0,2022-12-15 20:56:55
224,690449043,skinny_jeans,men_jeans_ripped,dark_blue/trashed,39.99,0.98,0.02,0.0,0.0,0.0,0.0,2022-12-15 20:56:55
225,690449043,skinny_jeans,men_jeans_ripped,dark_blue/washed_out,39.99,0.98,0.02,0.0,0.0,0.0,0.0,2022-12-15 20:56:55
226,690449043,skinny_jeans,men_jeans_ripped,denim_blue/trashed,39.99,0.98,0.02,0.0,0.0,0.0,0.0,2022-12-15 20:56:55
227,690449043,skinny_jeans,men_jeans_ripped,black,39.99,0.98,0.02,0.0,0.0,0.0,0.0,2022-12-15 20:56:55
228,690449043,skinny_jeans,men_jeans_ripped,denim_gray,39.99,0.98,0.02,0.0,0.0,0.0,0.0,2022-12-15 20:56:55
229,690449043,skinny_jeans,men_jeans_ripped,light_denim_gray/trashed,39.99,0.98,0.02,0.0,0.0,0.0,0.0,2022-12-15 20:56:55
230,690449043,skinny_jeans,men_jeans_ripped,gray,39.99,0.98,0.02,0.0,0.0,0.0,0.0,2022-12-15 20:56:55
231,690449043,skinny_jeans,men_jeans_ripped,black/patterned,39.99,0.98,0.02,0.0,0.0,0.0,0.0,2022-12-15 20:56:55
232,1008110001,freefit®_slim_jeans,men_jeans_slim,dark_denim_blue,49.99,0.9,0.02,0.08,0.0,0.0,0.0,2022-12-15 20:56:55
233,1008110001,freefit®_slim_jeans,men_jeans_slim,black/no_fade_black,49.99,0.9,0.02,0.08,0.0,0.0,0.0,2022-12-15 20:56:55
234,1008110001,freefit®_slim_jeans,men_jeans_slim,light_denim_blue,49.99,0.9,0.02,0.08,0.0,0.0,0.0,2022-12-15 20:56:55
235,1008110001,freefit®_slim_jeans,men_jeans_slim,denim_blue,49.99,0.9,0.02,0.08,0.0,0.0,0.0,2022-12-15 20:56:55
236,1008110001,freefit®_slim_jeans,men_jeans_slim,dark_gray,49.99,0.9,0.02,0.08,0.0,0.0,0.0,2022-12-15 20:56:55
237,1008110001,freefit®_slim_jeans,men_jeans_slim,black,49.99,0.9,0.02,0.08,0.0,0.0,0.0,2022-12-15 20:56:55
238,875105017,relaxed_jeans,men_jeans_relaxed,denim_blue,39.99,1.0,0.0,0.0,0.0,0.0,0.0,2022-12-15 20:56:55
239,875105017,relaxed_jeans,men_jeans_relaxed,black,39.99,1.0,0.0,0.0,0.0,0.0,0.0,2022-12-15 20:56:55
240,875105017,relaxed_jeans,men_jeans_relaxed,light_denim_blue,39.99,1.0,0.0,0.0,0.0,0.0,0.0,2022-12-15 20:56:55
241,875105017,relaxed_jeans,men_jeans_relaxed,dark_denim_blue,39.99,1.0,0.0,0.0,0.0,0.0,0.0,2022-12-15 20:56:55
242,875105017,relaxed_jeans,men_jeans_relaxed,pale_denim_blue,39.99,1.0,0.0,0.0,0.0,0.0,0.0,2022-12-15 20:56:55
243,875105017,relaxed_jeans,men_jeans_relaxed,light_gray,39.99,1.0,0.0,0.0,0.0,0.0,0.0,2022-12-15 20:56:55
244,1024711009,slim_jeans,men_jeans_slim,black,29.99,0.99,0.01,0.0,0.0,0.0,0.0,2022-12-15 20:56:55
245,1024711009,slim_jeans,men_jeans_slim,light_denim_blue,29.99,0.99,0.01,0.0,0.0,0.0,0.0,2022-12-15 20:56:55
246,1024711009,slim_jeans,men_jeans_slim,dark_denim_blue,29.99,0.99,0.01,0.0,0.0,0.0,0.0,2022-12-15 20:56:55
247,1024711009,slim_jeans,men_jeans_slim,dark_denim_gray,29.99,0.99,0.01,0.0,0.0,0.0,0.0,2022-12-15 20:56:55
248,1024711009,slim_jeans,men_jeans_slim,dark_blue,29.99,0.99,0.01,0.0,0.0,0.0,0.0,2022-12-15 20:56:55
249,1024711009,slim_jeans,men_jeans_slim,denim_blue,29.99,0.99,0.01,0.0,0.0,0.0,0.0,2022-12-15 20:56:55
250,811993037,regular_jeans,men_jeans_regular,black/washed_out,29.99,0.99,0.01,0.0,0.0,0.0,0.0,2022-12-15 20:56:55
251,811993037,regular_jeans,men_jeans_regular,denim_blue,29.99,0.99,0.01,0.0,0.0,0.0,0.0,2022-12-15 20:56:55
252,811993037,regular_jeans,men_jeans_regular,dark_denim_blue,29.99,0.99,0.01,0.0,0.0,0.0,0.0,2022-12-15 20:56:55
253,811993037,regular_jeans,men_jeans_regular,graphite_gray,29.99,0.99,0.01,0.0,0.0,0.0,0.0,2022-12-15 20:56:55
254,811993037,regular_jeans,men_jeans_regular,light_denim_blue,29.99,0.99,0.01,0.0,0.0,0.0,0.0,2022-12-15 20:56:55
255,811993037,regular_jeans,men_jeans_regular,black,29.99,0.99,0.01,0.0,0.0,0.0,0.0,2022-12-15 20:56:55
256,811993037,regular_jeans,men_jeans_regular,cream,29.99,0.99,0.01,0.0,0.0,0.0,0.0,2022-12-15 20:56:55
257,811993037,regular_jeans,men_jeans_regular,light_blue,29.99,0.99,0.01,0.0,0.0,0.0,0.0,2022-12-15 20:56:55
258,811993037,regular_jeans,men_jeans_regular,pale_denim_blue,29.99,0.99,0.01,0.0,0.0,0.0,0.0,2022-12-15 20:56:55
259,811993037,regular_jeans,men_jeans_regular,blue,29.99,0.99,0.01,0.0,0.0,0.0,0.0,2022-12-15 20:56:55
260,811993037,regular_jeans,men_jeans_regular,dark_blue,29.99,0.99,0.01,0.0,0.0,0.0,0.0,2022-12-15 20:56:55
261,811993037,regular_jeans,men_jeans_regular,pale_denim_grey,29.99,0.99,0.01,0.0,0.0,0.0,0.0,2022-12-15 20:56:55
262,811993037,regular_jeans,men_jeans_regular,dark_denim_gray,29.99,0.99,0.01,0.0,0.0,0.0,0.0,2022-12-15 20:56:55
263,1024711001,slim_jeans,men_jeans_slim,black,29.99,0.98,0.02,0.0,0.0,0.0,0.0,2022-12-15 20:56:55
264,1024711001,slim_jeans,men_jeans_slim,light_denim_blue,29.99,0.98,0.02,0.0,0.0,0.0,0.0,2022-12-15 20:56:55
265,1024711001,slim_jeans,men_jeans_slim,dark_denim_blue,29.99,0.98,0.02,0.0,0.0,0.0,0.0,2022-12-15 20:56:55
266,1024711001,slim_jeans,men_jeans_slim,dark_denim_gray,29.99,0.98,0.02,0.0,0.0,0.0,0.0,2022-12-15 20:56:55
267,1024711001,slim_jeans,men_jeans_slim,dark_blue,29.99,0.98,0.02,0.0,0.0,0.0,0.0,2022-12-15 20:56:55
268,1024711001,slim_jeans,men_jeans_slim,denim_blue,29.99,0.98,0.02,0.0,0.0,0.0,0.0,2022-12-15 20:56:55
269,811993040,regular_jeans,men_jeans_regular,black/washed_out,29.99,0.98,0.02,0.0,0.0,0.0,0.0,2022-12-15 20:56:55
270,811993040,regular_jeans,men_jeans_regular,denim_blue,29.99,0.98,0.02,0.0,0.0,0.0,0.0,2022-12-15 20:56:55
271,811993040,regular_jeans,men_jeans_regular,dark_denim_blue,29.99,0.98,0.02,0.0,0.0,0.0,0.0,2022-12-15 20:56:55
272,811993040,regular_jeans,men_jeans_regular,graphite_gray,29.99,0.98,0.02,0.0,0.0,0.0,0.0,2022-12-15 20:56:55
273,811993040,regular_jeans,men_jeans_regular,light_denim_blue,29.99,0.98,0.02,0.0,0.0,0.0,0.0,2022-12-15 20:56:55
274,811993040,regular_jeans,men_jeans_regular,black,29.99,0.98,0.02,0.0,0.0,0.0,0.0,2022-12-15 20:56:55
275,811993040,regular_jeans,men_jeans_regular,cream,29.99,0.98,0.02,0.0,0.0,0.0,0.0,2022-12-15 20:56:55
276,811993040,regular_jeans,men_jeans_regular,light_blue,29.99,0.98,0.02,0.0,0.0,0.0,0.0,2022-12-15 20:56:55
277,811993040,regular_jeans,men_jeans_regular,pale_denim_blue,29.99,0.98,0.02,0.0,0.0,0.0,0.0,2022-12-15 20:56:55
278,811993040,regular_jeans,men_jeans_regular,blue,29.99,0.98,0.02,0.0,0.0,0.0,0.0,2022-12-15 20:56:55
279,811993040,regular_jeans,men_jeans_regular,dark_blue,29.99,0.98,0.02,0.0,0.0,0.0,0.0,2022-12-15 20:56:55
280,811993040,regular_jeans,men_jeans_regular,pale_denim_grey,29.99,0.98,0.02,0.0,0.0,0.0,0.0,2022-12-15 20:56:55
281,811993040,regular_jeans,men_jeans_regular,dark_denim_gray,29.99,0.98,0.02,0.0,0.0,0.0,0.0,2022-12-15 20:56:55
282,1096385001,loose_jeans,men_jeans_loose,black,29.99,1.0,0.0,0.0,0.0,0.0,0.0,2022-12-15 20:56:55
283,1096385001,loose_jeans,men_jeans_loose,dark_denim_blue,29.99,1.0,0.0,0.0,0.0,0.0,0.0,2022-12-15 20:56:55
284,690449064,skinny_jeans,men_jeans_ripped,light_denim_blue/trashed,39.99,0.98,0.02,0.0,0.0,0.0,0.0,2022-12-15 20:56:55
285,690449064,skinny_jeans,men_jeans_ripped,denim_blue,39.99,0.98,0.02,0.0,0.0,0.0,0.0,2022-12-15 20:56:55
286,690449064,skinny_jeans,men_jeans_ripped,black/washed,39.99,0.98,0.02,0.0,0.0,0.0,0.0,2022-12-15 20:56:55
287,690449064,skinny_jeans,men_jeans_ripped,light_denim_blue,39.99,0.98,0.02,0.0,0.0,0.0,0.0,2022-12-15 20:56:55
288,690449064,skinny_jeans,men_jeans_ripped,black_washed_out,39.99,0.98,0.02,0.0,0.0,0.0,0.0,2022-12-15 20:56:55
289,690449064,skinny_jeans,men_jeans_ripped,white,39.99,0.98,0.02,0.0,0.0,0.0,0.0,2022-12-15 20:56:55
290,690449064,skinny_jeans,men_jeans_ripped,dark_denim_blue/trashed,39.99,0.98,0.02,0.0,0.0,0.0,0.0,2022-12-15 20:56:55
291,690449064,skinny_jeans,men_jeans_ripped,black/trashed,39.99,0.98,0.02,0.0,0.0,0.0,0.0,2022-12-15 20:56:55
292,690449064,skinny_jeans,men_jeans_ripped,dark_blue/trashed,39.99,0.98,0.02,0.0,0.0,0.0,0.0,2022-12-15 20:56:55
293,690449064,skinny_jeans,men_jeans_ripped,dark_blue/washed_out,39.99,0.98,0.02,0.0,0.0,0.0,0.0,2022-12-15 20:56:55
294,690449064,skinny_jeans,men_jeans_ripped,denim_blue/trashed,39.99,0.98,0.02,0.0,0.0,0.0,0.0,2022-12-15 20:56:55
295,690449064,skinny_jeans,men_jeans_ripped,black,39.99,0.98,0.02,0.0,0.0,0.0,0.0,2022-12-15 20:56:55
296,690449064,skinny_jeans,men_jeans_ripped,denim_gray,39.99,0.98,0.02,0.0,0.0,0.0,0.0,2022-12-15 20:56:55
297,690449064,skinny_jeans,men_jeans_ripped,light_denim_gray/trashed,39.99,0.98,0.02,0.0,0.0,0.0,0.0,2022-12-15 20:56:55
298,690449064,skinny_jeans,men_jeans_ripped,gray,39.99,0.98,0.02,0.0,0.0,0.0,0.0,2022-12-15 20:56:55
299,690449064,skinny_jeans,men_jeans_ripped,black/patterned,39.99,0.98,0.02,0.0,0.0,0.0,0.0,2022-12-15 20:56:55
300,1004199002,skinny_cropped_jeans,men_jeans_skinny,light_denim_blue,29.99,0.99,0.01,0.0,0.0,0.0,0.0,2022-12-15 20:56:55
301,1004199002,skinny_cropped_jeans,men_jeans_skinny,black,29.99,0.99,0.01,0.0,0.0,0.0,0.0,2022-12-15 20:56:55
302,1004199002,skinny_cropped_jeans,men_jeans_skinny,denim_blue,29.99,0.99,0.01,0.0,0.0,0.0,0.0,2022-12-15 20:56:55
303,1004199002,skinny_cropped_jeans,men_jeans_skinny,white,29.99,0.99,0.01,0.0,0.0,0.0,0.0,2022-12-15 20:56:55
304,1004199002,skinny_cropped_jeans,men_jeans_skinny,light_gray,29.99,0.99,0.01,0.0,0.0,0.0,0.0,2022-12-15 20:56:55
305,1008110006,freefit®_slim_jeans,men_jeans_slim,dark_denim_blue,49.99,0.89,0.02,0.09,0.0,0.0,0.0,2022-12-15 20:56:55
306,1008110006,freefit®_slim_jeans,men_jeans_slim,black/no_fade_black,49.99,0.89,0.02,0.09,0.0,0.0,0.0,2022-12-15 20:56:55
307,1008110006,freefit®_slim_jeans,men_jeans_slim,light_denim_blue,49.99,0.89,0.02,0.09,0.0,0.0,0.0,2022-12-15 20:56:55
308,1008110006,freefit®_slim_jeans,men_jeans_slim,denim_blue,49.99,0.89,0.02,0.09,0.0,0.0,0.0,2022-12-15 20:56:55
309,1008110006,freefit®_slim_jeans,men_jeans_slim,dark_gray,49.99,0.89,0.02,0.09,0.0,0.0,0.0,2022-12-15 20:56:55
310,1008110006,freefit®_slim_jeans,men_jeans_slim,black,49.99,0.89,0.02,0.09,0.0,0.0,0.0,2022-12-15 20:56:55
311,1013317006,hybrid_regular_tapered_joggers,men_jeans_joggers,light_denim_blue,39.99,0.79,0.01,0.0,0.2,0.0,0.0,2022-12-15 20:56:55
312,1013317006,hybrid_regular_tapered_joggers,men_jeans_joggers,denim_blue,39.99,0.79,0.01,0.0,0.2,0.0,0.0,2022-12-15 20:56:55
313,1013317006,hybrid_regular_tapered_joggers,men_jeans_joggers,dark_denim_blue,39.99,0.79,0.01,0.0,0.2,0.0,0.0,2022-12-15 20:56:55
314,1013317006,hybrid_regular_tapered_joggers,men_jeans_joggers,black,39.99,0.79,0.01,0.0,0.2,0.0,0.0,2022-12-15 20:56:55
315,1013317006,hybrid_regular_tapered_joggers,men_jeans_joggers,dark_gray,39.99,0.79,0.01,0.0,0.2,0.0,0.0,2022-12-15 20:56:55
316,1013317006,hybrid_regular_tapered_joggers,men_jeans_joggers,dark_blue,39.99,0.79,0.01,0.0,0.2,0.0,0.0,2022-12-15 20:56:55
317,1008110003,freefit®_slim_jeans,men_jeans_slim,dark_denim_blue,49.99,0.89,0.02,0.09,0.0,0.0,0.0,2022-12-15 20:56:55
318,1008110003,freefit®_slim_jeans,men_jeans_slim,black/no_fade_black,49.99,0.89,0.02,0.09,0.0,0.0,0.0,2022-12-15 20:56:55
319,1008110003,freefit®_slim_jeans,men_jeans_slim,light_denim_blue,49.99,0.89,0.02,0.09,0.0,0.0,0.0,2022-12-15 20:56:55
320,1008110003,freefit®_slim_jeans,men_jeans_slim,denim_blue,49.99,0.89,0.02,0.09,0.0,0.0,0.0,2022-12-15 20:56:55
321,1008110003,freefit®_slim_jeans,men_jeans_slim,dark_gray,49.99,0.89,0.02,0.09,0.0,0.0,0.0,2022-12-15 20:56:55
322,1008110003,freefit®_slim_jeans,men_jeans_slim,black,49.99,0.89,0.02,0.09,0.0,0.0,0.0,2022-12-15 20:56:55
323,1096385002,loose_jeans,men_jeans_loose,black,29.99,1.0,0.0,0.0,0.0,0.0,0.0,2022-12-15 20:56:55
324,1096385002,loose_jeans,men_jeans_loose,dark_denim_blue,29.99,1.0,0.0,0.0,0.0,0.0,0.0,2022-12-15 20:56:55
325,1013317002,hybrid_regular_tapered_joggers,men_jeans_joggers,light_denim_blue,39.99,0.78,0.01,0.0,0.21,0.0,0.0,2022-12-15 20:56:55
326,1013317002,hybrid_regular_tapered_joggers,men_jeans_joggers,denim_blue,39.99,0.78,0.01,0.0,0.21,0.0,0.0,2022-12-15 20:56:55
327,1013317002,hybrid_regular_tapered_joggers,men_jeans_joggers,dark_denim_blue,39.99,0.78,0.01,0.0,0.21,0.0,0.0,2022-12-15 20:56:55
328,1013317002,hybrid_regular_tapered_joggers,men_jeans_joggers,black,39.99,0.78,0.01,0.0,0.21,0.0,0.0,2022-12-15 20:56:55
329,1013317002,hybrid_regular_tapered_joggers,men_jeans_joggers,dark_gray,39.99,0.78,0.01,0.0,0.21,0.0,0.0,2022-12-15 20:56:55
330,1013317002,hybrid_regular_tapered_joggers,men_jeans_joggers,dark_blue,39.99,0.78,0.01,0.0,0.21,0.0,0.0,2022-12-15 20:56:55
331,1008110013,freefit®_slim_jeans,men_jeans_slim,dark_denim_blue,49.99,0.9,0.02,0.08,0.0,0.0,0.0,2022-12-15 20:56:55
332,1008110013,freefit®_slim_jeans,men_jeans_slim,black/no_fade_black,49.99,0.9,0.02,0.08,0.0,0.0,0.0,2022-12-15 20:56:55
333,1008110013,freefit®_slim_jeans,men_jeans_slim,light_denim_blue,49.99,0.9,0.02,0.08,0.0,0.0,0.0,2022-12-15 20:56:55
334,1008110013,freefit®_slim_jeans,men_jeans_slim,denim_blue,49.99,0.9,0.02,0.08,0.0,0.0,0.0,2022-12-15 20:56:55
335,1008110013,freefit®_slim_jeans,men_jeans_slim,dark_gray,49.99,0.9,0.02,0.08,0.0,0.0,0.0,2022-12-15 20:56:55
336,1008110013,freefit®_slim_jeans,men_jeans_slim,black,49.99,0.9,0.02,0.08,0.0,0.0,0.0,2022-12-15 20:56:55
337,1100162003,regular_jeans,men_jeans_regular,denim_blue,39.99,0.99,0.01,0.0,0.0,0.0,0.0,2022-12-15 20:56:55
338,1100162003,regular_jeans,men_jeans_regular,denim_gray,39.99,0.99,0.01,0.0,0.0,0.0,0.0,2022-12-15 20:56:55
339,1099503003,baggy_jeans,men_jeans_loose,denim_gray,39.99,1.0,0.0,0.0,0.0,0.0,0.0,2022-12-15 20:56:55
340,1099503003,baggy_jeans,men_jeans_loose,black,39.99,1.0,0.0,0.0,0.0,0.0,0.0,2022-12-15 20:56:55
341,1099503003,baggy_jeans,men_jeans_loose,dark_denim_blue,39.99,1.0,0.0,0.0,0.0,0.0,0.0,2022-12-15 20:56:55
342,811993048,regular_jeans,men_jeans_regular,black/washed_out,29.99,0.98,0.02,0.0,0.0,0.0,0.0,2022-12-15 20:56:55
343,811993048,regular_jeans,men_jeans_regular,denim_blue,29.99,0.98,0.02,0.0,0.0,0.0,0.0,2022-12-15 20:56:55
344,811993048,regular_jeans,men_jeans_regular,dark_denim_blue,29.99,0.98,0.02,0.0,0.0,0.0,0.0,2022-12-15 20:56:55
345,811993048,regular_jeans,men_jeans_regular,graphite_gray,29.99,0.98,0.02,0.0,0.0,0.0,0.0,2022-12-15 20:56:55
346,811993048,regular_jeans,men_jeans_regular,light_denim_blue,29.99,0.98,0.02,0.0,0.0,0.0,0.0,2022-12-15 20:56:55
347,811993048,regular_jeans,men_jeans_regular,black,29.99,0.98,0.02,0.0,0.0,0.0,0.0,2022-12-15 20:56:55
348,811993048,regular_jeans,men_jeans_regular,cream,29.99,0.98,0.02,0.0,0.0,0.0,0.0,2022-12-15 20:56:55
349,811993048,regular_jeans,men_jeans_regular,light_blue,29.99,0.98,0.02,0.0,0.0,0.0,0.0,2022-12-15 20:56:55
350,811993048,regular_jeans,men_jeans_regular,pale_denim_blue,29.99,0.98,0.02,0.0,0.0,0.0,0.0,2022-12-15 20:56:55
351,811993048,regular_jeans,men_jeans_regular,blue,29.99,0.98,0.02,0.0,0.0,0.0,0.0,2022-12-15 20:56:55
352,811993048,regular_jeans,men_jeans_regular,dark_blue,29.99,0.98,0.02,0.0,0.0,0.0,0.0,2022-12-15 20:56:55
353,811993048,regular_jeans,men_jeans_regular,pale_denim_grey,29.99,0.98,0.02,0.0,0.0,0.0,0.0,2022-12-15 20:56:55
354,811993048,regular_jeans,men_jeans_regular,dark_denim_gray,29.99,0.98,0.02,0.0,0.0,0.0,0.0,2022-12-15 20:56:55
355,1004199007,skinny_cropped_jeans,men_jeans_skinny,light_denim_blue,29.99,0.98,0.02,0.0,0.0,0.0,0.0,2022-12-15 20:56:55
356,1004199007,skinny_cropped_jeans,men_jeans_skinny,black,29.99,0.98,0.02,0.0,0.0,0.0,0.0,2022-12-15 20:56:55
357,1004199007,skinny_cropped_jeans,men_jeans_skinny,denim_blue,29.99,0.98,0.02,0.0,0.0,0.0,0.0,2022-12-15 20:56:55
358,1004199007,skinny_cropped_jeans,men_jeans_skinny,white,29.99,0.98,0.02,0.0,0.0,0.0,0.0,2022-12-15 20:56:55
359,1004199007,skinny_cropped_jeans,men_jeans_skinny,light_gray,29.99,0.98,0.02,0.0,0.0,0.0,0.0,2022-12-15 20:56:55
360,1024711014,slim_jeans,men_jeans_slim,black,29.99,0.98,0.02,0.0,0.0,0.0,0.0,2022-12-15 20:56:55
361,1024711014,slim_jeans,men_jeans_slim,light_denim_blue,29.99,0.98,0.02,0.0,0.0,0.0,0.0,2022-12-15 20:56:55
362,1024711014,slim_jeans,men_jeans_slim,dark_denim_blue,29.99,0.98,0.02,0.0,0.0,0.0,0.0,2022-12-15 20:56:55
363,1024711014,slim_jeans,men_jeans_slim,dark_denim_gray,29.99,0.98,0.02,0.0,0.0,0.0,0.0,2022-12-15 20:56:55
364,1024711014,slim_jeans,men_jeans_slim,dark_blue,29.99,0.98,0.02,0.0,0.0,0.0,0.0,2022-12-15 20:56:55
365,1024711014,slim_jeans,men_jeans_slim,denim_blue,29.99,0.98,0.02,0.0,0.0,0.0,0.0,2022-12-15 20:56:55
366,938875007,slim_tapered_jeans,men_jeans_slim,light_denim_blue,39.99,0.99,0.01,0.0,0.0,0.0,0.0,2022-12-15 20:56:55
367,938875007,slim_tapered_jeans,men_jeans_slim,white,39.99,0.99,0.01,0.0,0.0,0.0,0.0,2022-12-15 20:56:55
368,938875007,slim_tapered_jeans,men_jeans_slim,dark_gray,39.99,0.99,0.01,0.0,0.0,0.0,0.0,2022-12-15 20:56:55
369,938875007,slim_tapered_jeans,men_jeans_slim,black,39.99,0.99,0.01,0.0,0.0,0.0,0.0,2022-12-15 20:56:55
370,938875007,slim_tapered_jeans,men_jeans_slim,denim_blue,39.99,0.99,0.01,0.0,0.0,0.0,0.0,2022-12-15 20:56:55
371,938875007,slim_tapered_jeans,men_jeans_slim,light_blue,39.99,0.99,0.01,0.0,0.0,0.0,0.0,2022-12-15 20:56:55
372,938875007,slim_tapered_jeans,men_jeans_slim,pale_denim_blue,39.99,0.99,0.01,0.0,0.0,0.0,0.0,2022-12-15 20:56:55
373,1071707001,relaxed_jeans,men_jeans_relaxed,black,29.99,1.0,0.0,0.0,0.0,0.0,0.0,2022-12-15 20:56:55
374,1071707001,relaxed_jeans,men_jeans_relaxed,light_denim_blue,29.99,1.0,0.0,0.0,0.0,0.0,0.0,2022-12-15 20:56:55
375,1071707001,relaxed_jeans,men_jeans_relaxed,dark_denim_blue,29.99,1.0,0.0,0.0,0.0,0.0,0.0,2022-12-15 20:56:55
376,1071707001,relaxed_jeans,men_jeans_relaxed,denim_blue,29.99,1.0,0.0,0.0,0.0,0.0,0.0,2022-12-15 20:56:55
377,1071707001,relaxed_jeans,men_jeans_relaxed,denim_gray,29.99,1.0,0.0,0.0,0.0,0.0,0.0,2022-12-15 20:56:55
378,1013317003,hybrid_regular_tapered_joggers,men_jeans_joggers,light_denim_blue,39.99,0.77,0.02,0.0,0.21,0.0,0.0,2022-12-15 20:56:55
379,1013317003,hybrid_regular_tapered_joggers,men_jeans_joggers,denim_blue,39.99,0.77,0.02,0.0,0.21,0.0,0.0,2022-12-15 20:56:55
380,1013317003,hybrid_regular_tapered_joggers,men_jeans_joggers,dark_denim_blue,39.99,0.77,0.02,0.0,0.21,0.0,0.0,2022-12-15 20:56:55
381,1013317003,hybrid_regular_tapered_joggers,men_jeans_joggers,black,39.99,0.77,0.02,0.0,0.21,0.0,0.0,2022-12-15 20:56:55
382,1013317003,hybrid_regular_tapered_joggers,men_jeans_joggers,dark_gray,39.99,0.77,0.02,0.0,0.21,0.0,0.0,2022-12-15 20:56:55
383,1013317003,hybrid_regular_tapered_joggers,men_jeans_joggers,dark_blue,39.99,0.77,0.02,0.0,0.21,0.0,0.0,2022-12-15 20:56:55
384,979945012,loose_jeans,men_jeans_loose,light_denim_blue,39.99,1.0,0.0,0.0,0.0,0.0,0.0,2022-12-15 20:56:55
385,979945012,loose_jeans,men_jeans_loose,denim_blue,39.99,1.0,0.0,0.0,0.0,0.0,0.0,2022-12-15 20:56:55
386,979945012,loose_jeans,men_jeans_loose,black,39.99,1.0,0.0,0.0,0.0,0.0,0.0,2022-12-15 20:56:55
387,979945012,loose_jeans,men_jeans_loose,light_gray,39.99,1.0,0.0,0.0,0.0,0.0,0.0,2022-12-15 20:56:55
388,979945012,loose_jeans,men_jeans_loose,gray,39.99,1.0,0.0,0.0,0.0,0.0,0.0,2022-12-15 20:56:55
389,979945012,loose_jeans,men_jeans_loose,black/patterned,39.99,1.0,0.0,0.0,0.0,0.0,0.0,2022-12-15 20:56:55
390,979945012,loose_jeans,men_jeans_loose,purple,39.99,1.0,0.0,0.0,0.0,0.0,0.0,2022-12-15 20:56:55
391,1071707010,relaxed_jeans,men_jeans_relaxed,black,29.99,1.0,0.0,0.0,0.0,0.0,0.0,2022-12-15 20:56:55
392,1071707010,relaxed_jeans,men_jeans_relaxed,light_denim_blue,29.99,1.0,0.0,0.0,0.0,0.0,0.0,2022-12-15 20:56:55
393,1071707010,relaxed_jeans,men_jeans_relaxed,dark_denim_blue,29.99,1.0,0.0,0.0,0.0,0.0,0.0,2022-12-15 20:56:55
394,1071707010,relaxed_jeans,men_jeans_relaxed,denim_blue,29.99,1.0,0.0,0.0,0.0,0.0,0.0,2022-12-15 20:56:55
395,1071707010,relaxed_jeans,men_jeans_relaxed,denim_gray,29.99,1.0,0.0,0.0,0.0,0.0,0.0,2022-12-15 20:56:55
396,811993036,regular_jeans,men_jeans_regular,black/washed_out,29.99,0.99,0.01,0.0,0.0,0.0,0.0,2022-12-15 20:56:55
397,811993036,regular_jeans,men_jeans_regular,denim_blue,29.99,0.99,0.01,0.0,0.0,0.0,0.0,2022-12-15 20:56:55
398,811993036,regular_jeans,men_jeans_regular,dark_denim_blue,29.99,0.99,0.01,0.0,0.0,0.0,0.0,2022-12-15 20:56:55
399,811993036,regular_jeans,men_jeans_regular,graphite_gray,29.99,0.99,0.01,0.0,0.0,0.0,0.0,2022-12-15 20:56:55
400,811993036,regular_jeans,men_jeans_regular,light_denim_blue,29.99,0.99,0.01,0.0,0.0,0.0,0.0,2022-12-15 20:56:55
401,811993036,regular_jeans,men_jeans_regular,black,29.99,0.99,0.01,0.0,0.0,0.0,0.0,2022-12-15 20:56:55
402,811993036,regular_jeans,men_jeans_regular,cream,29.99,0.99,0.01,0.0,0.0,0.0,0.0,2022-12-15 20:56:55
403,811993036,regular_jeans,men_jeans_regular,light_blue,29.99,0.99,0.01,0.0,0.0,0.0,0.0,2022-12-15 20:56:55
404,811993036,regular_jeans,men_jeans_regular,pale_denim_blue,29.99,0.99,0.01,0.0,0.0,0.0,0.0,2022-12-15 20:56:55
405,811993036,regular_jeans,men_jeans_regular,blue,29.99,0.99,0.01,0.0,0.0,0.0,0.0,2022-12-15 20:56:55
406,811993036,regular_jeans,men_jeans_regular,dark_blue,29.99,0.99,0.01,0.0,0.0,0.0,0.0,2022-12-15 20:56:55
407,811993036,regular_jeans,men_jeans_regular,pale_denim_grey,29.99,0.99,0.01,0.0,0.0,0.0,0.0,2022-12-15 20:56:55
408,811993036,regular_jeans,men_jeans_regular,dark_denim_gray,29.99,0.99,0.01,0.0,0.0,0.0,0.0,2022-12-15 20:56:55
409,1100162002,regular_jeans,men_jeans_regular,denim_blue,39.99,0.99,0.01,0.0,0.0,0.0,0.0,2022-12-15 20:56:55
410,1100162002,regular_jeans,men_jeans_regular,denim_gray,39.99,0.99,0.01,0.0,0.0,0.0,0.0,2022-12-15 20:56:55
411,811993044,regular_jeans,men_jeans_regular,black/washed_out,29.99,0.99,0.01,0.0,0.0,0.0,0.0,2022-12-15 20:56:55
412,811993044,regular_jeans,men_jeans_regular,denim_blue,29.99,0.99,0.01,0.0,0.0,0.0,0.0,2022-12-15 20:56:55
413,811993044,regular_jeans,men_jeans_regular,dark_denim_blue,29.99,0.99,0.01,0.0,0.0,0.0,0.0,2022-12-15 20:56:55
414,811993044,regular_jeans,men_jeans_regular,graphite_gray,29.99,0.99,0.01,0.0,0.0,0.0,0.0,2022-12-15 20:56:55
415,811993044,regular_jeans,men_jeans_regular,light_denim_blue,29.99,0.99,0.01,0.0,0.0,0.0,0.0,2022-12-15 20:56:55
416,811993044,regular_jeans,men_jeans_regular,black,29.99,0.99,0.01,0.0,0.0,0.0,0.0,2022-12-15 20:56:55
417,811993044,regular_jeans,men_jeans_regular,cream,29.99,0.99,0.01,0.0,0.0,0.0,0.0,2022-12-15 20:56:55
418,811993044,regular_jeans,men_jeans_regular,light_blue,29.99,0.99,0.01,0.0,0.0,0.0,0.0,2022-12-15 20:56:55
419,811993044,regular_jeans,men_jeans_regular,pale_denim_blue,29.99,0.99,0.01,0.0,0.0,0.0,0.0,2022-12-15 20:56:55
420,811993044,regular_jeans,men_jeans_regular,blue,29.99,0.99,0.01,0.0,0.0,0.0,0.0,2022-12-15 20:56:55
421,811993044,regular_jeans,men_jeans_regular,dark_blue,29.99,0.99,0.01,0.0,0.0,0.0,0.0,2022-12-15 20:56:55
422,811993044,regular_jeans,men_jeans_regular,pale_denim_grey,29.99,0.99,0.01,0.0,0.0,0.0,0.0,2022-12-15 20:56:55
423,811993044,regular_jeans,men_jeans_regular,dark_denim_gray,29.99,0.99,0.01,0.0,0.0,0.0,0.0,2022-12-15 20:56:55
424,1071707002,relaxed_jeans,men_jeans_relaxed,black,29.99,1.0,0.0,0.0,0.0,0.0,0.0,2022-12-15 20:56:55
425,1071707002,relaxed_jeans,men_jeans_relaxed,light_denim_blue,29.99,1.0,0.0,0.0,0.0,0.0,0.0,2022-12-15 20:56:55
426,1071707002,relaxed_jeans,men_jeans_relaxed,dark_denim_blue,29.99,1.0,0.0,0.0,0.0,0.0,0.0,2022-12-15 20:56:55
427,1071707002,relaxed_jeans,men_jeans_relaxed,denim_blue,29.99,1.0,0.0,0.0,0.0,0.0,0.0,2022-12-15 20:56:55
428,1071707002,relaxed_jeans,men_jeans_relaxed,denim_gray,29.99,1.0,0.0,0.0,0.0,0.0,0.0,2022-12-15 20:56:55
429,1071707003,relaxed_jeans,men_jeans_relaxed,black,29.99,1.0,0.0,0.0,0.0,0.0,0.0,2022-12-15 20:56:55
430,1071707003,relaxed_jeans,men_jeans_relaxed,light_denim_blue,29.99,1.0,0.0,0.0,0.0,0.0,0.0,2022-12-15 20:56:55
431,1071707003,relaxed_jeans,men_jeans_relaxed,dark_denim_blue,29.99,1.0,0.0,0.0,0.0,0.0,0.0,2022-12-15 20:56:55
432,1071707003,relaxed_jeans,men_jeans_relaxed,denim_blue,29.99,1.0,0.0,0.0,0.0,0.0,0.0,2022-12-15 20:56:55
433,1071707003,relaxed_jeans,men_jeans_relaxed,denim_gray,29.99,1.0,0.0,0.0,0.0,0.0,0.0,2022-12-15 20:56:55
434,1008110019,freefit®_slim_jeans,men_jeans_slim,dark_denim_blue,49.99,0.9,0.02,0.08,0.0,0.0,0.0,2022-12-15 20:56:55
435,1008110019,freefit®_slim_jeans,men_jeans_slim,black/no_fade_black,49.99,0.9,0.02,0.08,0.0,0.0,0.0,2022-12-15 20:56:55
436,1008110019,freefit®_slim_jeans,men_jeans_slim,light_denim_blue,49.99,0.9,0.02,0.08,0.0,0.0,0.0,2022-12-15 20:56:55
437,1008110019,freefit®_slim_jeans,men_jeans_slim,denim_blue,49.99,0.9,0.02,0.08,0.0,0.0,0.0,2022-12-15 20:56:55
438,1008110019,freefit®_slim_jeans,men_jeans_slim,dark_gray,49.99,0.9,0.02,0.08,0.0,0.0,0.0,2022-12-15 20:56:55
439,1008110019,freefit®_slim_jeans,men_jeans_slim,black,49.99,0.9,0.02,0.08,0.0,0.0,0.0,2022-12-15 20:56:55
440,985159005,skinny_jeans,men_jeans_skinny,black,24.99,0.99,0.01,0.0,0.0,0.0,0.0,2022-12-15 20:56:55
441,985159005,skinny_jeans,men_jeans_skinny,denim_blue,24.99,0.99,0.01,0.0,0.0,0.0,0.0,2022-12-15 20:56:55
442,985159005,skinny_jeans,men_jeans_skinny,dark_gray,24.99,0.99,0.01,0.0,0.0,0.0,0.0,2022-12-15 20:56:55
443,985159005,skinny_jeans,men_jeans_skinny,light_denim_blue,24.99,0.99,0.01,0.0,0.0,0.0,0.0,2022-12-15 20:56:55
444,985159005,skinny_jeans,men_jeans_skinny,dark_blue,24.99,0.99,0.01,0.0,0.0,0.0,0.0,2022-12-15 20:56:55
445,985159005,skinny_jeans,men_jeans_skinny,dark_denim_blue,24.99,0.99,0.01,0.0,0.0,0.0,0.0,2022-12-15 20:56:55
446,1004199001,skinny_cropped_jeans,men_jeans_skinny,light_denim_blue,29.99,0.99,0.01,0.0,0.0,0.0,0.0,2022-12-15 20:56:55
447,1004199001,skinny_cropped_jeans,men_jeans_skinny,black,29.99,0.99,0.01,0.0,0.0,0.0,0.0,2022-12-15 20:56:55
448,1004199001,skinny_cropped_jeans,men_jeans_skinny,denim_blue,29.99,0.99,0.01,0.0,0.0,0.0,0.0,2022-12-15 20:56:55
449,1004199001,skinny_cropped_jeans,men_jeans_skinny,white,29.99,0.99,0.01,0.0,0.0,0.0,0.0,2022-12-15 20:56:55
450,1004199001,skinny_cropped_jeans,men_jeans_skinny,light_gray,29.99,0.99,0.01,0.0,0.0,0.0,0.0,2022-12-15 20:56:55
451,875105023,relaxed_jeans,men_jeans_relaxed,denim_blue,39.99,1.0,0.0,0.0,0.0,0.0,0.0,2022-12-15 20:56:55
452,875105023,relaxed_jeans,men_jeans_relaxed,black,39.99,1.0,0.0,0.0,0.0,0.0,0.0,2022-12-15 20:56:55
453,875105023,relaxed_jeans,men_jeans_relaxed,light_denim_blue,39.99,1.0,0.0,0.0,0.0,0.0,0.0,2022-12-15 20:56:55
454,875105023,relaxed_jeans,men_jeans_relaxed,dark_denim_blue,39.99,1.0,0.0,0.0,0.0,0.0,0.0,2022-12-15 20:56:55
455,875105023,relaxed_jeans,men_jeans_relaxed,pale_denim_blue,39.99,1.0,0.0,0.0,0.0,0.0,0.0,2022-12-15 20:56:55
456,875105023,relaxed_jeans,men_jeans_relaxed,light_gray,39.99,1.0,0.0,0.0,0.0,0.0,0.0,2022-12-15 20:56:55
457,1107750001,relaxed_worker_jeans,men_jeans_relaxed,denim_blue,44.99,1.0,0.0,0.0,0.0,0.0,0.0,2022-12-15 20:56:55
458,1107750001,relaxed_worker_jeans,men_jeans_relaxed,dark_denim_blue,44.99,1.0,0.0,0.0,0.0,0.0,0.0,2022-12-15 20:56:55
459,875105018,relaxed_jeans,men_jeans_relaxed,denim_blue,39.99,1.0,0.0,0.0,0.0,0.0,0.0,2022-12-15 20:56:55
460,875105018,relaxed_jeans,men_jeans_relaxed,black,39.99,1.0,0.0,0.0,0.0,0.0,0.0,2022-12-15 20:56:55
461,875105018,relaxed_jeans,men_jeans_relaxed,light_denim_blue,39.99,1.0,0.0,0.0,0.0,0.0,0.0,2022-12-15 20:56:55
462,875105018,relaxed_jeans,men_jeans_relaxed,dark_denim_blue,39.99,1.0,0.0,0.0,0.0,0.0,0.0,2022-12-15 20:56:55
463,875105018,relaxed_jeans,men_jeans_relaxed,pale_denim_blue,39.99,1.0,0.0,0.0,0.0,0.0,0.0,2022-12-15 20:56:55
464,875105018,relaxed_jeans,men_jeans_relaxed,light_gray,39.99,1.0,0.0,0.0,0.0,0.0,0.0,2022-12-15 20:56:55
465,875105024,relaxed_jeans,men_jeans_relaxed,denim_blue,39.99,1.0,0.0,0.0,0.0,0.0,0.0,2022-12-15 20:56:55
466,875105024,relaxed_jeans,men_jeans_relaxed,black,39.99,1.0,0.0,0.0,0.0,0.0,0.0,2022-12-15 20:56:55
467,875105024,relaxed_jeans,men_jeans_relaxed,light_denim_blue,39.99,1.0,0.0,0.0,0.0,0.0,0.0,2022-12-15 20:56:55
468,875105024,relaxed_jeans,men_jeans_relaxed,dark_denim_blue,39.99,1.0,0.0,0.0,0.0,0.0,0.0,2022-12-15 20:56:55
469,875105024,relaxed_jeans,men_jeans_relaxed,pale_denim_blue,39.99,1.0,0.0,0.0,0.0,0.0,0.0,2022-12-15 20:56:55
470,875105024,relaxed_jeans,men_jeans_relaxed,light_gray,39.99,1.0,0.0,0.0,0.0,0.0,0.0,2022-12-15 20:56:55
471,979945025,loose_jeans,men_jeans_loose,light_denim_blue,39.99,1.0,0.0,0.0,0.0,0.0,0.0,2022-12-15 20:56:55
472,979945025,loose_jeans,men_jeans_loose,denim_blue,39.99,1.0,0.0,0.0,0.0,0.0,0.0,2022-12-15 20:56:55
473,979945025,loose_jeans,men_jeans_loose,black,39.99,1.0,0.0,0.0,0.0,0.0,0.0,2022-12-15 20:56:55
474,979945025,loose_jeans,men_jeans_loose,light_gray,39.99,1.0,0.0,0.0,0.0,0.0,0.0,2022-12-15 20:56:55
475,979945025,loose_jeans,men_jeans_loose,gray,39.99,1.0,0.0,0.0,0.0,0.0,0.0,2022-12-15 20:56:55
476,979945025,loose_jeans,men_jeans_loose,black/patterned,39.99,1.0,0.0,0.0,0.0,0.0,0.0,2022-12-15 20:56:55
477,979945025,loose_jeans,men_jeans_loose,purple,39.99,1.0,0.0,0.0,0.0,0.0,0.0,2022-12-15 20:56:55
478,1071707008,relaxed_jeans,men_jeans_relaxed,black,29.99,1.0,0.0,0.0,0.0,0.0,0.0,2022-12-15 20:56:55
479,1071707008,relaxed_jeans,men_jeans_relaxed,light_denim_blue,29.99,1.0,0.0,0.0,0.0,0.0,0.0,2022-12-15 20:56:55
480,1071707008,relaxed_jeans,men_jeans_relaxed,dark_denim_blue,29.99,1.0,0.0,0.0,0.0,0.0,0.0,2022-12-15 20:56:55
481,1071707008,relaxed_jeans,men_jeans_relaxed,denim_blue,29.99,1.0,0.0,0.0,0.0,0.0,0.0,2022-12-15 20:56:55
482,1071707008,relaxed_jeans,men_jeans_relaxed,denim_gray,29.99,1.0,0.0,0.0,0.0,0.0,0.0,2022-12-15 20:56:55
483,993887008,hybrid_regular_jeans,men_jeans_regular,denim_blue,39.99,0.78,0.01,0.0,0.21,0.0,0.0,2022-12-15 20:56:55
484,993887008,hybrid_regular_jeans,men_jeans_regular,black,39.99,0.78,0.01,0.0,0.21,0.0,0.0,2022-12-15 20:56:55
485,993887008,hybrid_regular_jeans,men_jeans_regular,black/no_fade_black,39.99,0.78,0.01,0.0,0.21,0.0,0.0,2022-12-15 20:56:55
486,993887008,hybrid_regular_jeans,men_jeans_regular,dark_gray,39.99,0.78,0.01,0.0,0.21,0.0,0.0,2022-12-15 20:56:55
487,1008549004,regular_jeans,men_jeans_regular,light_denim_blue,24.99,0.99,0.01,0.0,0.0,0.0,0.0,2022-12-15 20:56:55
488,1008549004,regular_jeans,men_jeans_regular,denim_blue,24.99,0.99,0.01,0.0,0.0,0.0,0.0,2022-12-15 20:56:55
489,1008549004,regular_jeans,men_jeans_regular,dark_gray,24.99,0.99,0.01,0.0,0.0,0.0,0.0,2022-12-15 20:56:55
490,1008549004,regular_jeans,men_jeans_regular,dark_blue,24.99,0.99,0.01,0.0,0.0,0.0,0.0,2022-12-15 20:56:55
491,1008549004,regular_jeans,men_jeans_regular,dark_denim_blue,24.99,0.99,0.01,0.0,0.0,0.0,0.0,2022-12-15 20:56:55
492,1008549004,regular_jeans,men_jeans_regular,black,24.99,0.99,0.01,0.0,0.0,0.0,0.0,2022-12-15 20:56:55
493,1008549004,regular_jeans,men_jeans_regular,light_gray,24.99,0.99,0.01,0.0,0.0,0.0,0.0,2022-12-15 20:56:55
494,1107750002,relaxed_worker_jeans,men_jeans_relaxed,denim_blue,44.99,1.0,0.0,0.0,0.0,0.0,0.0,2022-12-15 20:56:55
495,1107750002,relaxed_worker_jeans,men_jeans_relaxed,dark_denim_blue,44.99,1.0,0.0,0.0,0.0,0.0,0.0,2022-12-15 20:56:55
496,1024256002,slim_jeans,men_jeans_slim,black,19.99,0.99,0.01,0.0,0.0,0.0,0.0,2022-12-15 20:56:55
497,1024256002,slim_jeans,men_jeans_slim,light_denim_blue,19.99,0.99,0.01,0.0,0.0,0.0,0.0,2022-12-15 20:56:55
498,1024256002,slim_jeans,men_jeans_slim,denim_blue,19.99,0.99,0.01,0.0,0.0,0.0,0.0,2022-12-15 20:56:55
499,1024256002,slim_jeans,men_jeans_slim,dark_blue,19.99,0.99,0.01,0.0,0.0,0.0,0.0,2022-12-15 20:56:55
500,1024256002,slim_jeans,men_jeans_slim,dark_denim_blue,19.99,0.99,0.01,0.0,0.0,0.0,0.0,2022-12-15 20:56:55
501,1024256002,slim_jeans,men_jeans_slim,dark_gray,19.99,0.99,0.01,0.0,0.0,0.0,0.0,2022-12-15 20:56:55
502,1024256002,slim_jeans,men_jeans_slim,white,19.99,0.99,0.01,0.0,0.0,0.0,0.0,2022-12-15 20:56:55
503,971061004,slim_tapered_cropped_jeans,men_jeans_slim,pale_denim_blue,29.99,0.99,0.01,0.0,0.0,0.0,0.0,2022-12-15 20:56:55
504,971061004,slim_tapered_cropped_jeans,men_jeans_slim,light_denim_blue,29.99,0.99,0.01,0.0,0.0,0.0,0.0,2022-12-15 20:56:55
505,971061004,slim_tapered_cropped_jeans,men_jeans_slim,dark_denim_gray,29.99,0.99,0.01,0.0,0.0,0.0,0.0,2022-12-15 20:56:55
506,971061004,slim_tapered_cropped_jeans,men_jeans_slim,denim_blue,29.99,0.99,0.01,0.0,0.0,0.0,0.0,2022-12-15 20:56:55
507,875105029,relaxed_jeans,men_jeans_relaxed,denim_blue,39.99,1.0,0.0,0.0,0.0,0.0,0.0,2022-12-15 20:56:55
508,875105029,relaxed_jeans,men_jeans_relaxed,black,39.99,1.0,0.0,0.0,0.0,0.0,0.0,2022-12-15 20:56:55
509,875105029,relaxed_jeans,men_jeans_relaxed,light_denim_blue,39.99,1.0,0.0,0.0,0.0,0.0,0.0,2022-12-15 20:56:55
510,875105029,relaxed_jeans,men_jeans_relaxed,dark_denim_blue,39.99,1.0,0.0,0.0,0.0,0.0,0.0,2022-12-15 20:56:55
511,875105029,relaxed_jeans,men_jeans_relaxed,pale_denim_blue,39.99,1.0,0.0,0.0,0.0,0.0,0.0,2022-12-15 20:56:55
512,875105029,relaxed_jeans,men_jeans_relaxed,light_gray,39.99,1.0,0.0,0.0,0.0,0.0,0.0,2022-12-15 20:56:55
513,1114023003,loose_jeans,men_jeans_loose,denim_blue,44.99,1.0,0.0,0.0,0.0,0.0,0.0,2022-12-15 20:56:55
514,1114023003,loose_jeans,men_jeans_loose,cream,44.99,1.0,0.0,0.0,0.0,0.0,0.0,2022-12-15 20:56:55
515,811993039,regular_jeans,men_jeans_regular,black/washed_out,29.99,0.98,0.02,0.0,0.0,0.0,0.0,2022-12-15 20:56:55
516,811993039,regular_jeans,men_jeans_regular,denim_blue,29.99,0.98,0.02,0.0,0.0,0.0,0.0,2022-12-15 20:56:55
517,811993039,regular_jeans,men_jeans_regular,dark_denim_blue,29.99,0.98,0.02,0.0,0.0,0.0,0.0,2022-12-15 20:56:55
518,811993039,regular_jeans,men_jeans_regular,graphite_gray,29.99,0.98,0.02,0.0,0.0,0.0,0.0,2022-12-15 20:56:55
519,811993039,regular_jeans,men_jeans_regular,light_denim_blue,29.99,0.98,0.02,0.0,0.0,0.0,0.0,2022-12-15 20:56:55
520,811993039,regular_jeans,men_jeans_regular,black,29.99,0.98,0.02,0.0,0.0,0.0,0.0,2022-12-15 20:56:55
521,811993039,regular_jeans,men_jeans_regular,cream,29.99,0.98,0.02,0.0,0.0,0.0,0.0,2022-12-15 20:56:55
522,811993039,regular_jeans,men_jeans_regular,light_blue,29.99,0.98,0.02,0.0,0.0,0.0,0.0,2022-12-15 20:56:55
523,811993039,regular_jeans,men_jeans_regular,pale_denim_blue,29.99,0.98,0.02,0.0,0.0,0.0,0.0,2022-12-15 20:56:55
524,811993039,regular_jeans,men_jeans_regular,blue,29.99,0.98,0.02,0.0,0.0,0.0,0.0,2022-12-15 20:56:55
525,811993039,regular_jeans,men_jeans_regular,dark_blue,29.99,0.98,0.02,0.0,0.0,0.0,0.0,2022-12-15 20:56:55
526,811993039,regular_jeans,men_jeans_regular,pale_denim_grey,29.99,0.98,0.02,0.0,0.0,0.0,0.0,2022-12-15 20:56:55
527,811993039,regular_jeans,men_jeans_regular,dark_denim_gray,29.99,0.98,0.02,0.0,0.0,0.0,0.0,2022-12-15 20:56:55
528,1024711002,slim_jeans,men_jeans_slim,black,29.99,0.99,0.01,0.0,0.0,0.0,0.0,2022-12-15 20:56:55
529,1024711002,slim_jeans,men_jeans_slim,light_denim_blue,29.99,0.99,0.01,0.0,0.0,0.0,0.0,2022-12-15 20:56:55
530,1024711002,slim_jeans,men_jeans_slim,dark_denim_blue,29.99,0.99,0.01,0.0,0.0,0.0,0.0,2022-12-15 20:56:55
531,1024711002,slim_jeans,men_jeans_slim,dark_denim_gray,29.99,0.99,0.01,0.0,0.0,0.0,0.0,2022-12-15 20:56:55
532,1024711002,slim_jeans,men_jeans_slim,dark_blue,29.99,0.99,0.01,0.0,0.0,0.0,0.0,2022-12-15 20:56:55
533,1024711002,slim_jeans,men_jeans_slim,denim_blue,29.99,0.99,0.01,0.0,0.0,0.0,0.0,2022-12-15 20:56:55
534,993887007,hybrid_regular_jeans,men_jeans_regular,denim_blue,39.99,0.8,0.01,0.0,0.19,0.0,0.0,2022-12-15 20:56:55
535,993887007,hybrid_regular_jeans,men_jeans_regular,black,39.99,0.8,0.01,0.0,0.19,0.0,0.0,2022-12-15 20:56:55
536,993887007,hybrid_regular_jeans,men_jeans_regular,black/no_fade_black,39.99,0.8,0.01,0.0,0.19,0.0,0.0,2022-12-15 20:56:55
537,993887007,hybrid_regular_jeans,men_jeans_regular,dark_gray,39.99,0.8,0.01,0.0,0.19,0.0,0.0,2022-12-15 20:56:55
538,1008549003,regular_jeans,men_jeans_regular,light_denim_blue,24.99,0.99,0.01,0.0,0.0,0.0,0.0,2022-12-15 20:56:55
539,1008549003,regular_jeans,men_jeans_regular,denim_blue,24.99,0.99,0.01,0.0,0.0,0.0,0.0,2022-12-15 20:56:55
540,1008549003,regular_jeans,men_jeans_regular,dark_gray,24.99,0.99,0.01,0.0,0.0,0.0,0.0,2022-12-15 20:56:55
541,1008549003,regular_jeans,men_jeans_regular,dark_blue,24.99,0.99,0.01,0.0,0.0,0.0,0.0,2022-12-15 20:56:55
542,1008549003,regular_jeans,men_jeans_regular,dark_denim_blue,24.99,0.99,0.01,0.0,0.0,0.0,0.0,2022-12-15 20:56:55
543,1008549003,regular_jeans,men_jeans_regular,black,24.99,0.99,0.01,0.0,0.0,0.0,0.0,2022-12-15 20:56:55
544,1008549003,regular_jeans,men_jeans_regular,light_gray,24.99,0.99,0.01,0.0,0.0,0.0,0.0,2022-12-15 20:56:55
545,1074475002,loose_jeans,men_jeans_loose,light_denim_blue,39.99,1.0,0.0,0.0,0.0,0.0,0.0,2022-12-15 20:56:55
546,1074475002,loose_jeans,men_jeans_loose,denim_blue,39.99,1.0,0.0,0.0,0.0,0.0,0.0,2022-12-15 20:56:55
547,1074475002,loose_jeans,men_jeans_loose,black,39.99,1.0,0.0,0.0,0.0,0.0,0.0,2022-12-15 20:56:55
548,971061006,slim_tapered_cropped_jeans,men_jeans_slim,pale_denim_blue,29.99,0.99,0.01,0.0,0.0,0.0,0.0,2022-12-15 20:56:55
549,971061006,slim_tapered_cropped_jeans,men_jeans_slim,light_denim_blue,29.99,0.99,0.01,0.0,0.0,0.0,0.0,2022-12-15 20:56:55
550,971061006,slim_tapered_cropped_jeans,men_jeans_slim,dark_denim_gray,29.99,0.99,0.01,0.0,0.0,0.0,0.0,2022-12-15 20:56:55
551,971061006,slim_tapered_cropped_jeans,men_jeans_slim,denim_blue,29.99,0.99,0.01,0.0,0.0,0.0,0.0,2022-12-15 20:56:55
552,1063141001,loose_jeans,men_jeans_loose,denim_blue,44.99,0.3,0.0,0.0,0.0,0.55,0.15,2022-12-15 20:56:55
553,1018704003,relaxed_pull-on_jeans,men_jeans_relaxed,light_denim_blue,24.99,1.0,0.0,0.0,0.0,0.0,0.0,2022-12-15 20:56:55
554,1018704003,relaxed_pull-on_jeans,men_jeans_relaxed,denim_blue,24.99,1.0,0.0,0.0,0.0,0.0,0.0,2022-12-15 20:56:55
555,1018704003,relaxed_pull-on_jeans,men_jeans_relaxed,black,24.99,1.0,0.0,0.0,0.0,0.0,0.0,2022-12-15 20:56:55
556,993887001,hybrid_regular_jeans,men_jeans_regular,denim_blue,39.99,0.77,0.02,0.0,0.21,0.0,0.0,2022-12-15 20:56:55
557,993887001,hybrid_regular_jeans,men_jeans_regular,black,39.99,0.77,0.02,0.0,0.21,0.0,0.0,2022-12-15 20:56:55
558,993887001,hybrid_regular_jeans,men_jeans_regular,black/no_fade_black,39.99,0.77,0.02,0.0,0.21,0.0,0.0,2022-12-15 20:56:55
559,993887001,hybrid_regular_jeans,men_jeans_regular,dark_gray,39.99,0.77,0.02,0.0,0.21,0.0,0.0,2022-12-15 20:56:55
560,690449056,skinny_jeans,men_jeans_ripped,light_denim_blue/trashed,39.99,0.98,0.02,0.0,0.0,0.0,0.0,2022-12-15 20:56:55
561,690449056,skinny_jeans,men_jeans_ripped,denim_blue,39.99,0.98,0.02,0.0,0.0,0.0,0.0,2022-12-15 20:56:55
562,690449056,skinny_jeans,men_jeans_ripped,black/washed,39.99,0.98,0.02,0.0,0.0,0.0,0.0,2022-12-15 20:56:55
563,690449056,skinny_jeans,men_jeans_ripped,light_denim_blue,39.99,0.98,0.02,0.0,0.0,0.0,0.0,2022-12-15 20:56:55
564,690449056,skinny_jeans,men_jeans_ripped,black_washed_out,39.99,0.98,0.02,0.0,0.0,0.0,0.0,2022-12-15 20:56:55
565,690449056,skinny_jeans,men_jeans_ripped,white,39.99,0.98,0.02,0.0,0.0,0.0,0.0,2022-12-15 20:56:55
566,690449056,skinny_jeans,men_jeans_ripped,dark_denim_blue/trashed,39.99,0.98,0.02,0.0,0.0,0.0,0.0,2022-12-15 20:56:55
567,690449056,skinny_jeans,men_jeans_ripped,black/trashed,39.99,0.98,0.02,0.0,0.0,0.0,0.0,2022-12-15 20:56:55
568,690449056,skinny_jeans,men_jeans_ripped,dark_blue/trashed,39.99,0.98,0.02,0.0,0.0,0.0,0.0,2022-12-15 20:56:55
569,690449056,skinny_jeans,men_jeans_ripped,dark_blue/washed_out,39.99,0.98,0.02,0.0,0.0,0.0,0.0,2022-12-15 20:56:55
570,690449056,skinny_jeans,men_jeans_ripped,denim_blue/trashed,39.99,0.98,0.02,0.0,0.0,0.0,0.0,2022-12-15 20:56:55
571,690449056,skinny_jeans,men_jeans_ripped,black,39.99,0.98,0.02,0.0,0.0,0.0,0.0,2022-12-15 20:56:55
572,690449056,skinny_jeans,men_jeans_ripped,denim_gray,39.99,0.98,0.02,0.0,0.0,0.0,0.0,2022-12-15 20:56:55
573,690449056,skinny_jeans,men_jeans_ripped,light_denim_gray/trashed,39.99,0.98,0.02,0.0,0.0,0.0,0.0,2022-12-15 20:56:55
574,690449056,skinny_jeans,men_jeans_ripped,gray,39.99,0.98,0.02,0.0,0.0,0.0,0.0,2022-12-15 20:56:55
575,690449056,skinny_jeans,men_jeans_ripped,black/patterned,39.99,0.98,0.02,0.0,0.0,0.0,0.0,2022-12-15 20:56:55
576,1025726003,relaxed_jeans,men_jeans_relaxed,light_denim_blue,39.99,1.0,0.0,0.0,0.0,0.0,0.0,2022-12-15 20:56:55
577,1025726003,relaxed_jeans,men_jeans_relaxed,graphite_gray,39.99,1.0,0.0,0.0,0.0,0.0,0.0,2022-12-15 20:56:55
578,1044249001,loose_pull-on_jeans,men_jeans_loose,light_denim_blue,44.99,0.0,0.0,0.0,0.0,0.5,0.5,2022-12-15 20:56:55
579,1044249001,loose_pull-on_jeans,men_jeans_loose,dark_denim_blue,44.99,0.0,0.0,0.0,0.0,0.5,0.5,2022-12-15 20:56:55
580,1013317012,hybrid_regular_tapered_joggers,men_jeans_joggers,light_denim_blue,39.99,0.78,0.01,0.0,0.21,0.0,0.0,2022-12-15 20:56:55
581,1013317012,hybrid_regular_tapered_joggers,men_jeans_joggers,denim_blue,39.99,0.78,0.01,0.0,0.21,0.0,0.0,2022-12-15 20:56:55
582,1013317012,hybrid_regular_tapered_joggers,men_jeans_joggers,dark_denim_blue,39.99,0.78,0.01,0.0,0.21,0.0,0.0,2022-12-15 20:56:55
583,1013317012,hybrid_regular_tapered_joggers,men_jeans_joggers,black,39.99,0.78,0.01,0.0,0.21,0.0,0.0,2022-12-15 20:56:55
584,1013317012,hybrid_regular_tapered_joggers,men_jeans_joggers,dark_gray,39.99,0.78,0.01,0.0,0.21,0.0,0.0,2022-12-15 20:56:55
585,1013317012,hybrid_regular_tapered_joggers,men_jeans_joggers,dark_blue,39.99,0.78,0.01,0.0,0.21,0.0,0.0,2022-12-15 20:56:55
586,971061002,slim_tapered_cropped_jeans,men_jeans_slim,pale_denim_blue,29.99,0.99,0.01,0.0,0.0,0.0,0.0,2022-12-15 20:56:55
587,971061002,slim_tapered_cropped_jeans,men_jeans_slim,light_denim_blue,29.99,0.99,0.01,0.0,0.0,0.0,0.0,2022-12-15 20:56:55
588,971061002,slim_tapered_cropped_jeans,men_jeans_slim,dark_denim_gray,29.99,0.99,0.01,0.0,0.0,0.0,0.0,2022-12-15 20:56:55
589,971061002,slim_tapered_cropped_jeans,men_jeans_slim,denim_blue,29.99,0.99,0.01,0.0,0.0,0.0,0.0,2022-12-15 20:56:55
590,927964001,regular_tapered_crop_jeans,men_jeans_regular,denim_blue,19.99,1.0,0.0,0.0,0.0,0.0,0.0,2022-12-15 20:56:55
591,927964001,regular_tapered_crop_jeans,men_jeans_regular,light_denim_blue,19.99,1.0,0.0,0.0,0.0,0.0,0.0,2022-12-15 20:56:55
592,927964001,regular_tapered_crop_jeans,men_jeans_regular,dark_gray,19.99,1.0,0.0,0.0,0.0,0.0,0.0,2022-12-15 20:56:55
593,927964001,regular_tapered_crop_jeans,men_jeans_regular,steel_blue,19.99,1.0,0.0,0.0,0.0,0.0,0.0,2022-12-15 20:56:55
594,927964001,regular_tapered_crop_jeans,men_jeans_regular,white,19.99,1.0,0.0,0.0,0.0,0.0,0.0,2022-12-15 20:56:55
595,927964001,regular_tapered_crop_jeans,men_jeans_regular,black,19.99,1.0,0.0,0.0,0.0,0.0,0.0,2022-12-15 20:56:55
596,1051644001,loose_jeans,men_jeans_loose,denim_blue,44.99,0.3,0.0,0.0,0.0,0.55,0.15,2022-12-15 20:56:55
597,1044249002,loose_pull-on_jeans,men_jeans_loose,light_denim_blue,44.99,0.0,0.0,0.0,0.0,0.5,0.5,2022-12-15 20:56:55
598,1044249002,loose_pull-on_jeans,men_jeans_loose,dark_denim_blue,44.99,0.0,0.0,0.0,0.0,0.5,0.5,2022-12-15 20:56:55
599,875105016,relaxed_jeans,men_jeans_relaxed,denim_blue,39.99,1.0,0.0,0.0,0.0,0.0,0.0,2022-12-15 20:56:55
600,875105016,relaxed_jeans,men_jeans_relaxed,black,39.99,1.0,0.0,0.0,0.0,0.0,0.0,2022-12-15 20:56:55
601,875105016,relaxed_jeans,men_jeans_relaxed,light_denim_blue,39.99,1.0,0.0,0.0,0.0,0.0,0.0,2022-12-15 20:56:55
602,875105016,relaxed_jeans,men_jeans_relaxed,dark_denim_blue,39.99,1.0,0.0,0.0,0.0,0.0,0.0,2022-12-15 20:56:55
603,875105016,relaxed_jeans,men_jeans_relaxed,pale_denim_blue,39.99,1.0,0.0,0.0,0.0,0.0,0.0,2022-12-15 20:56:55
604,875105016,relaxed_jeans,men_jeans_relaxed,light_gray,39.99,1.0,0.0,0.0,0.0,0.0,0.0,2022-12-15 20:56:55
605,985197006,slim_jeans,men_jeans_slim,black,19.99,0.99,0.01,0.0,0.0,0.0,0.0,2022-12-15 20:56:55
606,985197006,slim_jeans,men_jeans_slim,midnight_blue,19.99,0.99,0.01,0.0,0.0,0.0,0.0,2022-12-15 20:56:55
607,985197006,slim_jeans,men_jeans_slim,denim_blue,19.99,0.99,0.01,0.0,0.0,0.0,0.0,2022-12-15 20:56:55
608,985197006,slim_jeans,men_jeans_slim,dark_denim_blue,19.99,0.99,0.01,0.0,0.0,0.0,0.0,2022-12-15 20:56:55
609,985197006,slim_jeans,men_jeans_slim,light_denim_blue,19.99,0.99,0.01,0.0,0.0,0.0,0.0,2022-12-15 20:56:55
610,985197006,slim_jeans,men_jeans_slim,dark_gray,19.99,0.99,0.01,0.0,0.0,0.0,0.0,2022-12-15 20:56:55
611,811993034,regular_jeans,men_jeans_regular,black/washed_out,29.99,0.99,0.01,0.0,0.0,0.0,0.0,2022-12-15 20:56:55
612,811993034,regular_jeans,men_jeans_regular,denim_blue,29.99,0.99,0.01,0.0,0.0,0.0,0.0,2022-12-15 20:56:55
613,811993034,regular_jeans,men_jeans_regular,dark_denim_blue,29.99,0.99,0.01,0.0,0.0,0.0,0.0,2022-12-15 20:56:55
614,811993034,regular_jeans,men_jeans_regular,graphite_gray,29.99,0.99,0.01,0.0,0.0,0.0,0.0,2022-12-15 20:56:55
615,811993034,regular_jeans,men_jeans_regular,light_denim_blue,29.99,0.99,0.01,0.0,0.0,0.0,0.0,2022-12-15 20:56:55
616,811993034,regular_jeans,men_jeans_regular,black,29.99,0.99,0.01,0.0,0.0,0.0,0.0,2022-12-15 20:56:55
617,811993034,regular_jeans,men_jeans_regular,cream,29.99,0.99,0.01,0.0,0.0,0.0,0.0,2022-12-15 20:56:55
618,811993034,regular_jeans,men_jeans_regular,light_blue,29.99,0.99,0.01,0.0,0.0,0.0,0.0,2022-12-15 20:56:55
619,811993034,regular_jeans,men_jeans_regular,pale_denim_blue,29.99,0.99,0.01,0.0,0.0,0.0,0.0,2022-12-15 20:56:55
620,811993034,regular_jeans,men_jeans_regular,blue,29.99,0.99,0.01,0.0,0.0,0.0,0.0,2022-12-15 20:56:55
621,811993034,regular_jeans,men_jeans_regular,dark_blue,29.99,0.99,0.01,0.0,0.0,0.0,0.0,2022-12-15 20:56:55
622,811993034,regular_jeans,men_jeans_regular,pale_denim_grey,29.99,0.99,0.01,0.0,0.0,0.0,0.0,2022-12-15 20:56:55
623,811993034,regular_jeans,men_jeans_regular,dark_denim_gray,29.99,0.99,0.01,0.0,0.0,0.0,0.0,2022-12-15 20:56:55
